symbol,company,n_docs,doc_kinds,files,total_words,buzzword_hits,buzzwords_per_1000_words,buzzword_score_weighted,weighted_per_1000_words,unique_buzzwords,extra_hits,extra_per_1000_words,substance_hits,buzzwords_per_substance_hit,puffery_per_1000_words,hedge_per_1000_words,corporate_per_1000_words,esg_jargon_per_1000_words,top_terms,website,sector
FDS,FactSet,1,page,FDS__page_0.txt,153,12,78.431,12.0,78.431,11,0,0.0,1,12.0,0.0,6.536,13.072,58.824,sustainable:2; climate action:1; impact:1; continue to:1; materiality:1; wellbeing:1; purpose:1; ethics:1; stakeholder:1; accountability:1; resilience:1,factset.com,Financials
IBM,IBM,1,page,IBM__page_0.txt,358,27,75.419,27.0,75.419,18,0,0.0,8,3.38,2.793,27.933,19.553,25.14,exploring:6; impact:3; innovation:3; dedicated to:1; ecosystem:1; ethics:1; continue to:1; inclusion:1; foster:1; enable:1; empower:1; responsible sourcing:1; lasting change:1; aspire to:1; wellbeing:1,ibm.com,Information Technology
HUM,Humana,1,page,HUM__page_0.txt,462,33,71.429,33.0,71.429,11,0,0.0,14,2.36,4.329,15.152,2.165,49.784,impact:16; transparency:4; exploring:3; ESG:2; commitment:2; stakeholder:1; focused on:1; people-first:1; accountability:1; aligned with:1; we are proud:1,humana.com,Health Care
PRU,Prudential Financial,1,page,PRU__page_0.txt,380,25,65.789,25.0,65.789,15,0,0.0,8,3.12,2.632,7.895,21.053,34.211,sustainable:8; innovation:3; value creation:2; impact:1; continue to:1; focused on:1; inclusion:1; commitment:1; purpose:1; stakeholder:1; empower:1; accountability:1; world-class:1; sustainable X:1; framework:1,prudential.com,Financials
PTC,PTC Inc.,1,main,PTC__main_306.txt,17513,1139,65.037,1139.0,65.037,102,0,0.0,159,7.16,5.596,6.053,21.298,32.09,sustainable:199; impact:107; empower:95; integrity:77; a brighter future:68; enable:51; circular economy:29; innovation:29; engage:26; decarbonisation:23; ethics:21; commitment:18; ecosystem:16; foster:15; transparency:15,ptc.com,Information Technology
TSLA,"Tesla, Inc.",2,data; main,TSLA__data_370.txt; TSLA__main_369.txt,6910,435,62.952,435.0,62.952,50,0,0.0,346,1.26,2.46,3.473,8.538,48.48,impact:247; sustainable:20; decarbonisation:18; responsible sourcing:13; engage:10; continue to:9; accelerate:8; circular economy:8; optimise:8; transparency:7; alignment:7; best-in-class:6; biodiversity:5; over time:5; ecosystem:5,tesla.com,Consumer Discretionary
ROK,Rockwell Automation,1,main,ROK__main_320.txt,22086,1390,62.936,1390.0,62.936,112,0,0.0,129,10.78,2.49,5.931,15.53,38.984,sustainable:414; integrity:106; ESG:97; impact:60; innovation:52; accelerate:47; engage:34; wellbeing:32; ethics:31; enable:31; commitment:29; responsible sourcing:29; empower:28; resilience:26; continue to:24,rockwellautomation.com,Industrials
ADP,Automatic Data Processing,1,main,ADP__main_45.txt,13970,842,60.272,842.0,60.272,90,0,0.0,181,4.65,0.859,5.369,17.967,36.077,ethics:74; engage:61; wellbeing:55; integrity:53; resilience:46; purpose:45; stewardship:45; ESG:44; corporate citizenship:41; sustainable X:40; sustainable:24; commitment:23; inclusion:22; innovation:16; foster:14,adp.com,Industrials
NOW,ServiceNow,1,data,NOW__data_484.txt,2031,119,58.592,119.0,58.592,33,0,0.0,23,5.17,0.492,8.37,14.771,34.958,sustainable:15; ESG:12; net zero:11; impact:11; engage:7; decarbonisation:5; operationalise:5; science-based:5; framework:5; stakeholder:5; aligned with:4; carbon neutral:4; carbon footprint:3; commitment:3; carbon offsets:2,servicenow.com,Information Technology
CRL,Charles River Laboratories,1,page,CRL__page_0.txt,650,38,58.462,38.0,58.462,13,0,0.0,60,0.63,0.0,6.154,3.077,49.231,corporate citizenship:12; ESG:6; ESG strategy:4; sustainable X:3; sustainable:3; belonging:2; commitment:2; committed to:1; contribute to:1; innovation:1; accountability:1; ethics:1; stakeholder:1,criver.com,Health Care
FTV,Fortive,1,main,FTV__main_182.txt,10332,598,57.878,598.0,57.878,87,0,0.0,86,6.95,2.226,6.678,21.971,27.003,sustainable:81; impact:51; innovation:44; inclusion:30; commitment:26; empower:25; accelerate:20; materiality:18; resilience:14; framework:13; engage:13; transparency:13; ethics:12; enable:12; aligned with:11,fortive.com,Industrials
RMD,ResMed|,1,main,RMD__main_318.txt,30816,1783,57.86,1783.0,57.86,101,0,0.0,325,5.49,0.941,4.64,10.579,41.699,sustainable:652; responsible sourcing:147; ethics:89; inclusion:54; engage:52; stewardship:51; biodiversity:49; wellbeing:45; innovation:43; integrity:35; continue to:29; impact:29; belonging:28; embed:27; enable:25,resmed.com,Health Care
CSCO,Cisco,2,data; main,CSCO__data_94.txt; CSCO__main_93.txt,20575,1190,57.837,1190.0,57.837,104,0,0.0,253,4.7,0.778,7.436,22.94,26.683,purpose:193; innovation:138; resilience:109; sustainable:86; impact:57; inclusion:52; looking ahead:49; ecosystem:33; accelerate:25; enable:24; social impact:23; material topics:21; ethics:21; stewardship:20; commitment:20,cisco.com,Information Technology
TRMB,Trimble Inc.,1,main,TRMB__main_380.txt,16699,956,57.249,956.0,57.249,93,0,0.0,251,3.81,1.078,9.282,22.936,23.954,sustainable:166; resilience:81; empower:72; integrity:51; innovation:44; engage:38; ethics:28; enable:27; commitment:25; aligned with:23; foster:23; impact:17; committed to:16; climate action:15; significantly:14,trimble.com,Information Technology
CDW,CDW Corporation,1,main,CDW__main_446.txt,19456,1096,56.332,1096.0,56.332,111,0,0.0,262,4.18,5.191,8.481,15.265,27.395,ESG:216; people and planet:76; engage:61; inclusion:50; sustainable:44; stakeholder:43; impact:42; continue to:30; commitment:30; enable:27; social impact:25; ethics:24; empower:23; climate action:17; elevate:16,cdw.com,Information Technology
BAX,Baxter International,1,main,BAX__main_55.txt,19194,1063,55.382,1063.0,55.382,91,0,0.0,332,3.2,0.729,9.274,16.724,28.655,sustainable:309; commitment:81; pillar:57; resilience:48; framework:37; engage:34; ethics:33; innovation:28; stewardship:26; continue to:23; impact:23; corporate citizenship:22; stakeholder:20; transparency:17; significantly:16,baxter.com,Health Care
GEHC,GE HealthCare,1,main,GEHC__main_189.txt,25246,1395,55.256,1395.0,55.256,98,0,0.0,317,4.4,0.515,6.773,17.627,30.341,sustainable:305; enable:101; sustainable X:76; cultivate:70; thrive:69; ethics:50; innovation:46; impact:38; engage:35; belonging:32; continue to:29; integrity:29; commitment:26; framework:24; aligned with:22,gehealthcare.com,Health Care
APTV,Aptiv,1,main,APTV__main_39.txt,3846,211,54.862,211.0,54.862,59,0,0.0,29,7.28,2.08,7.54,26.001,19.241,sustainable:19; impact:15; innovation:14; resilience:14; engage:13; enable:12; continue to:10; ethics:9; commitment:6; create value:6; inclusion:5; accelerate:5; foster:5; empower:4; sustainable X:4,aptiv.com,Consumer Discretionary
SLB,Schlumberger,2,data; main,SLB__data_329.txt; SLB__main_328.txt,23262,1273,54.724,1273.0,54.724,104,0,0.0,546,2.33,0.946,5.803,14.272,33.703,sustainable:374; climate action:87; impact:56; engage:46; enable:39; decarbonisation:38; innovation:30; ethics:30; inclusion:29; commitment:26; empower:25; significantly:23; framework:22; continue to:21; biodiversity:21,slb.com,Energy
MRVL,Marvell Technology,1,main,MRVL__main_255.txt,24194,1321,54.6,1321.0,54.6,105,0,0.0,185,7.14,0.744,6.159,15.582,32.115,sustainable:375; engage:110; thrive:101; ethics:55; impact:49; material topics:44; innovation:39; inclusion:31; responsible sourcing:30; enable:27; stakeholder:24; resilience:20; foster:19; commitment:16; optimise:15,marvell.com,Information Technology
WDAY,"Workday, Inc.",1,main,WDAY__main_428.txt,43628,2361,54.117,2361.0,54.117,147,0,0.0,361,6.54,2.407,8.091,12.286,31.333,impact:367; sustainable:345; commitment:114; carbon offsets:76; inclusion:74; belonging:67; engage:67; integrity:64; wellbeing:57; innovation:53; ethics:45; enable:43; responsible sourcing:38; foster:38; net zero:36,workday.com,Information Technology
FTNT,Fortinet,1,main,FTNT__main_181.txt,37666,2036,54.054,2036.0,54.054,121,0,0.0,518,3.93,0.796,6.558,21.505,25.195,sustainable:389; engage:107; empower:104; integrity:98; environmental footprint:87; innovation:71; ethics:66; impact:63; resilience:63; enable:60; disruptive:56; commitment:46; aligned with:43; continue to:41; framework:40,fortinet.com,Information Technology
ROL,"Rollins, Inc.",1,main,ROL__main_321.txt,3966,214,53.959,214.0,53.959,49,0,0.0,46,4.65,1.513,8.069,17.146,27.231,impact:42; engage:20; inclusion:15; sustainable:11; accountability:11; commitment:10; innovation:9; continue to:8; ethics:7; enable:6; wellbeing:6; foster:5; human capital:5; people-first:4; purpose:4,rollins.com,Industrials
DD,DuPont,1,main,DD__main_143.txt,39741,2135,53.723,2135.0,53.723,112,0,0.0,703,3.04,0.604,7.222,17.866,28.032,sustainable:574; innovation:191; resilience:135; engage:83; impact:77; stewardship:72; ethics:66; commitment:65; stakeholder:47; framework:41; enable:40; significantly:37; circular economy:37; aligned with:35; continue to:32,dupont.com,Industrials
CARR,Carrier Global,1,main,CARR__main_443.txt,30504,1636,53.632,1636.0,53.632,119,0,0.0,474,3.45,1.541,5.311,14.818,31.963,sustainable:426; impact:270; innovation:138; engage:80; ethics:48; inclusion:44; commitment:27; purpose:27; enable:27; empower:23; integrity:19; aligned with:17; stakeholder:17; foster:16; significantly:15,carrier.com,Industrials
EMR,Emerson Electric,1,main,EMR__main_153.txt,43347,2315,53.406,2315.0,53.406,127,0,0.0,695,3.33,1.523,4.822,17.81,29.252,sustainable:588; engage:238; integrity:151; ethics:86; impact:71; enable:69; innovation:65; circular economy:61; net zero:61; responsible sourcing:45; continue to:45; framework:44; optimise:36; decarbonisation:35; resilience:32,emerson.com,Industrials
CRH,CRH plc,1,main,CRH__main_114.txt,46058,2459,53.389,2459.0,53.389,122,0,0.0,698,3.52,0.695,7.36,16.979,28.356,sustainable:486; circular economy:142; engage:134; decarbonisation:133; responsible sourcing:119; innovation:101; stakeholder:82; resilience:76; continue to:72; enable:64; biodiversity:63; significantly:50; material topics:43; impact:41; framework:41,crh.com,Materials
BG,Bunge Global,1,main,BG__main_71.txt,38189,2036,53.314,2036.0,53.314,118,0,0.0,515,3.95,0.498,8.275,13.8,30.742,sustainable:368; responsible sourcing:150; accountability:118; biodiversity:112; commitment:90; engage:81; ethics:61; regenerative:61; decarbonisation:52; stakeholder:50; framework:48; enable:47; ecosystem:40; resilience:40; aligned with:36,bunge.com,Consumer Staples
CL,Colgate-Palmolive,1,main,CL__main_105.txt,23847,1265,53.047,1265.0,53.047,108,0,0.0,494,2.56,1.845,5.703,11.029,34.47,sustainable:329; social impact:196; inclusion:40; engage:37; material topics:35; impact:32; accelerate:30; make a difference:29; stewardship:25; commitment:24; innovation:24; thrive:22; foster:21; resilience:21; integrity:16,colgatepalmolive.com,Consumer Staples
AIZ,Assurant,1,main,AIZ__main_434.txt,27917,1478,52.943,1478.0,52.943,127,0,0.0,382,3.87,1.898,8.489,14.651,27.904,sustainable:220; circular economy:99; thrive:85; responsible sourcing:79; impact:66; engage:65; continue to:59; innovation:58; inclusion:51; commitment:45; ethics:42; stakeholder:37; leverage:30; wellbeing:29; enable:26,assurant.com,Financials
DOV,Dover Corporation,2,data; main,DOV__data_138.txt; DOV__main_137.txt,4108,217,52.824,217.0,52.824,49,0,0.0,115,1.89,0.487,7.79,11.685,32.863,sustainable:62; climate action:17; engage:12; inclusion:11; innovation:9; ethics:8; continue to:7; circular economy:7; commitment:6; committed to:5; material topics:5; framework:5; alignment:4; materiality:4; decarbonisation:3,dovercorporation.com,Industrials
IEX,IDEX Corporation,1,main,IEX__main_211.txt,28167,1482,52.615,1482.0,52.615,118,0,0.0,420,3.53,1.562,7.349,16.651,27.053,sustainable:397; innovation:154; ethics:100; engage:53; inclusion:40; impact:37; commitment:36; framework:28; significantly:27; continue to:26; responsible sourcing:26; enable:22; foster:21; stakeholder:21; sustainable X:19,idexcorp.com,Industrials
REG,Regency Centers,1,main,REG__main_312.txt,16071,842,52.393,842.0,52.393,81,0,0.0,460,1.83,0.871,6.16,7.965,37.397,corporate citizenship:176; stewardship:116; ethics:102; sustainable:53; material topics:45; engage:29; stakeholder:20; impact:16; significantly:13; continue to:13; materiality:13; commitment:12; wellbeing:11; resilience:11; committed to:10,regencycenters.com,Real Estate
TPL,Texas Pacific Land Corporation,1,page,TPL__page_0.txt,1945,101,51.928,101.0,51.928,38,0,0.0,3,33.67,1.542,11.311,12.339,26.735,sustainable:26; commitment:6; continue to:5; stakeholder:5; ethics:4; impact:4; best practice:4; ESG:3; engage:3; framework:3; sustainable X:2; corporate citizenship:2; intend to:2; committed to:2; purpose:2,texaspacific.com,Energy
DOC,Healthpeak Properties,1,main,DOC__main_202.txt,19465,1000,51.374,1000.0,51.374,87,0,0.0,419,2.39,0.565,4.726,13.922,32.16,impact:331; sustainable:106; engage:64; stakeholder:33; ethics:29; transparency:26; framework:23; inclusion:21; stakeholder engagement:21; belonging:19; resilience:18; sustainable X:17; innovation:15; commitment:14; aligned with:13,healthpeak.com,Real Estate
AJG,Arthur J. Gallagher & Co.,1,main,AJG__main_435.txt,10302,528,51.252,528.0,51.252,73,0,0.0,150,3.52,0.971,12.134,9.61,28.538,sustainable:80; impact:70; inclusion:39; commitment:30; ethics:21; seek to:19; foster:16; net zero:12; engage:12; aim to:12; wellbeing:11; stakeholder:11; sustainable X:10; integrity:10; continue to:10,ajg.com,Financials
BDX,Becton Dickinson,1,main,BDX__main_56.txt,36562,1868,51.091,1868.0,51.091,118,0,0.0,436,4.28,0.848,6.291,16.274,27.679,sustainable:184; innovation:172; impact:167; transparency:148; stewardship:128; responsible sourcing:123; engage:86; ethics:60; enable:44; continue to:40; commitment:37; inclusion:37; resilience:33; science-based:25; framework:24,bd.com,Health Care
PFE,Pfizer,1,main,PFE__main_298.txt,31854,1617,50.763,1617.0,50.763,122,0,0.0,414,3.91,3.485,9.732,15.351,22.195,impact:172; innovation:95; responsible sourcing:84; sustainable:77; people and planet:75; engage:74; ethics:63; commitment:54; resilience:44; transparency:40; continue to:38; purpose:36; stakeholder:35; committed to:35; integrity:35,pfizer.com,Health Care
CRM,Salesforce,1,main,CRM__main_325.txt,17076,866,50.714,866.0,50.714,96,0,0.0,84,10.31,4.626,5.563,21.551,18.974,impact:106; stakeholder:67; people and planet:56; sustainable:54; framework:47; innovation:39; engage:37; commitment:29; resilience:20; transparency:19; ecosystem:19; ethics:18; enable:18; carbon offsets:17; continue to:14,salesforce.com,Information Technology
COR,Cencora,1,main,COR__main_78.txt,35131,1775,50.525,1775.0,50.525,123,0,0.0,372,4.77,4.441,8.483,16.709,20.893,sustainable:204; resilience:163; impact:112; purpose-driven:110; corporate citizenship:99; engage:99; continue to:65; purpose:64; commitment:53; innovation:43; ethics:41; foster:31; wellbeing:29; stakeholder:29; enable:27,cencora.com,Health Care
MKC,McCormick & Company,1,page,MKC__page_0.txt,179,9,50.279,9.0,50.279,9,0,0.0,5,1.8,11.173,5.587,11.173,22.346,purpose-driven:1; ESG:1; committed to:1; stakeholder:1; ethics:1; alignment:1; materiality:1; industry-leading:1; sustainable:1,mccormickcorporation.com,Consumer Staples
HIG,Hartford (The),1,main,HIG__main_200.txt,20434,1024,50.113,1024.0,50.113,108,0,0.0,249,4.11,1.517,9.837,17.618,21.141,sustainable:198; engage:66; ethics:55; innovation:43; commitment:42; resilience:41; continue to:40; enable:26; impact:25; stakeholder:23; framework:19; energy transition:18; foster:18; integrity:17; focused on:16,thehartford.com,Financials
GNRC,Generac,1,main,GNRC__main_192.txt,28243,1415,50.101,1415.0,50.101,108,0,0.0,387,3.66,0.531,6.657,16.535,26.378,impact:255; sustainable:218; resilience:89; engage:80; ethics:65; innovation:44; integrity:39; commitment:35; empower:31; accountability:25; sustainable X:24; framework:24; significantly:18; continue to:18; alignment:17,generac.com,Industrials
DLTR,Dollar Tree,1,main,DLTR__main_131.txt,16631,833,50.087,833.0,50.087,103,0,0.0,182,4.58,1.082,11.845,14.551,22.608,sustainable:84; engage:78; continue to:56; social impact:54; responsible sourcing:52; commitment:41; impact:41; ethics:24; wellbeing:23; resilience:23; foster:17; belonging:15; inclusion:13; focused on:13; integrity:11,dollartree.com,Consumer Staples
KDP,Keurig Dr Pepper,1,main,KDP__main_231.txt,17604,880,49.989,880.0,49.989,81,0,0.0,357,2.46,0.511,7.839,8.634,33.004,wellbeing:122; impact:114; circular economy:67; ethics:66; stewardship:65; commitment:45; engage:40; sustainable:33; responsible sourcing:25; resilience:21; regenerative:19; continue to:15; aim to:14; stakeholder:14; materiality:11,keurigdrpepper.com,Consumer Staples
HBAN,Huntington Bancshares,1,main,HBAN__main_209.txt,23567,1176,49.9,1176.0,49.9,99,0,0.0,435,2.7,3.946,7.213,12.433,26.308,sustainable:238; corporate citizenship:113; people-first:77; engage:71; responsible sourcing:71; continue to:42; impact:40; framework:31; commitment:31; inclusion:30; ethics:27; enable:27; resilience:19; purpose:19; stakeholder:18,huntington.com,Financials
UAL,United Airlines Holdings,1,main,UAL__main_388.txt,35102,1745,49.712,1745.0,49.712,127,0,0.0,542,3.22,1.367,6.011,17.834,24.5,impact:393; sustainable:233; resilience:164; human capital:144; engage:60; continue to:34; commitment:33; corporate citizenship:31; ethics:26; stakeholder:23; roadmap:21; net zero:21; innovation:21; transparency:20; framework:20,united.com,Industrials
MAA,Mid-America Apartment Communities,1,main,MAA__main_476.txt,21247,1054,49.607,1054.0,49.607,86,0,0.0,384,2.74,0.329,9.884,16.944,22.45,sustainable:269; engage:130; commitment:99; stakeholder:95; inclusion:34; impact:23; accountability:21; materiality:19; framework:18; wellbeing:15; continue to:15; sustainable X:15; material topics:13; foster:13; belonging:12,maac.com,Real Estate
PYPL,PayPal,1,main,PYPL__main_294.txt,15371,760,49.444,760.0,49.444,86,0,0.0,202,3.76,0.781,7.677,12.946,28.04,sustainable:100; impact:75; responsible sourcing:61; social impact:56; ethics:40; engage:33; continue to:27; enable:25; resilience:20; commitment:17; framework:16; stakeholder:13; transparency:13; innovation:13; accountability:10,paypal.com,Financials
TER,Teradyne,2,data; main,TER__data_368.txt; TER__main_367.txt,21647,1070,49.429,1070.0,49.429,113,0,0.0,250,4.28,1.524,6.56,21.25,20.095,sustainable:147; engage:105; ethics:97; framework:84; stakeholder engagement:73; innovation:37; impact:31; ESG:30; enable:28; committed to:22; continue to:19; stakeholder:18; inclusion:17; significantly:17; transparency:17,teradyne.com,Information Technology
CTSH,Cognizant,2,data; main,CTSH__data_103.txt; CTSH__main_102.txt,22966,1133,49.334,1133.0,49.334,101,0,0.0,285,3.98,0.348,6.357,12.323,30.306,sustainable:349; ethics:81; corporate citizenship:78; engage:46; impact:38; framework:34; innovation:33; commitment:30; wellbeing:29; stakeholder:21; continue to:19; social impact:18; stakeholder engagement:17; resilience:16; enable:16,cognizant.com,Information Technology
TT,Trane Technologies,2,data; main,TT__data_376.txt; TT__main_375.txt,44872,2202,49.073,2202.0,49.073,132,0,0.0,918,2.4,1.248,8.558,13.327,25.94,sustainable:599; commitment:124; innovation:113; engage:89; circular economy:66; impact:54; ethics:53; significantly:50; decarbonisation:46; integrity:41; inclusion:40; framework:38; continue to:38; enable:35; stakeholder:32,tranetechnologies.com,Industrials
LMT,Lockheed Martin,1,main,LMT__main_246.txt,13285,647,48.702,647.0,48.702,73,0,0.0,690,0.94,0.903,9.635,8.957,29.206,sustainable:256; ethics:64; looking ahead:50; commitment:17; resilience:17; continue to:16; stewardship:12; integrity:12; innovation:12; significantly:10; impact:10; aligned with:10; engage:9; foster:8; enable:8,lockheedmartin.com,Industrials
BXP,"BXP, Inc.",1,main,BXP__main_72.txt,28674,1396,48.685,1396.0,48.685,93,0,0.0,708,1.97,0.453,6.417,6.312,35.503,sustainable:413; impact:281; material topics:73; carbon neutral:41; engage:41; commitment:41; stakeholder:35; continue to:34; resilience:19; science-based:19; ethics:19; carbon offsets:18; significantly:18; committed to:16; biodiversity:16,bxp.com,Real Estate
C,Citigroup,1,main,C__main_95.txt,31165,1511,48.484,1511.0,48.484,102,0,0.0,480,3.15,0.321,6.963,13.06,28.141,sustainable:390; impact:135; human capital:74; responsible sourcing:74; framework:66; ethics:63; commitment:61; engage:58; inclusion:41; enable:30; accountability:28; net zero:28; resilience:26; continue to:24; stakeholder:24,citigroup.com,Financials
VTR,Ventas,1,main,VTR__main_395.txt,14767,711,48.148,711.0,48.148,74,0,0.0,406,1.75,0.542,5.214,13.002,29.39,sustainable:276; engage:42; impact:32; ethics:29; resilience:27; material topics:21; materiality:17; innovation:16; elevate:15; stakeholder:13; commitment:12; net zero:12; significantly:11; transparency:8; leverage:8,ventasreit.com,Real Estate
WDC,Western Digital,1,main,WDC__main_420.txt,30440,1461,47.996,1461.0,47.996,117,0,0.0,139,10.51,0.986,5.716,17.74,23.555,sustainable:237; stakeholder:110; responsible sourcing:103; stewardship:99; empower:97; innovation:66; engage:57; ethics:44; impact:42; commitment:29; continue to:24; enable:22; transparency:22; material topics:21; resilience:20,westerndigital.com,Information Technology
HLT,Hilton Worldwide,1,main,HLT__main_464.txt,36268,1734,47.811,1734.0,47.811,117,0,0.0,733,2.37,1.572,5.68,7.61,32.949,ESG:292; purpose:170; impact:151; sustainable:109; social impact:96; inclusion:53; engage:47; ESG strategy:39; committed to:35; commitment:34; stakeholder:33; stewardship:32; responsible sourcing:31; net zero:30; framework:28,hilton.com,Consumer Discretionary
ECL,Ecolab,1,main,ECL__main_146.txt,32808,1568,47.793,1568.0,47.793,125,0,0.0,520,3.02,1.981,5.578,16.795,23.439,impact:230; sustainable:134; responsible sourcing:87; resilience:86; engage:78; enable:64; innovation:52; optimise:34; stewardship:32; aligned with:30; inclusion:29; ethics:29; biodiversity:28; commitment:28; framework:27,ecolab.com,Materials
PPG,PPG Industries,1,main,PPG__main_302.txt,27908,1331,47.692,1331.0,47.692,99,0,0.0,551,2.42,0.788,8.421,12.505,25.978,sustainable:425; transparency:122; engage:85; innovation:56; continue to:52; stakeholder:36; significantly:34; impact:31; commitment:30; enable:30; stewardship:21; ethics:21; focused on:21; committed to:20; circular economy:18,ppg.com,Materials
CSX,CSX Corporation,1,main,CSX__main_116.txt,16424,783,47.674,783.0,47.674,82,0,0.0,424,1.85,0.67,6.21,8.707,32.087,sustainable:290; stewardship:85; ethics:68; engage:37; commitment:26; resilience:22; impact:20; continue to:18; significantly:14; stakeholder:14; stakeholder engagement:11; framework:10; innovation:9; focused on:8; biodiversity:8,csx.com,Industrials
AON,Aon plc,1,main,AON__main_35.txt,11755,557,47.384,557.0,47.384,81,0,0.0,174,3.2,1.786,6.891,17.524,21.182,impact:68; sustainable:65; wellbeing:48; resilience:46; engage:40; commitment:33; enable:16; continue to:14; net zero:12; innovation:12; committed to:11; embed:10; ethics:8; transparency:8; accelerate:8,aon.com,Financials
JKHY,Jack Henry & Associates,1,main,JKHY__main_227.txt,12725,602,47.308,602.0,47.308,95,0,0.0,117,5.15,1.886,9.352,14.067,22.004,sustainable:101; responsible sourcing:40; commitment:37; inclusion:29; innovation:26; engage:21; impact:20; stakeholder:18; empower:18; ethics:18; foster:15; enable:12; stewardship:11; aligned with:9; purpose:9,jackhenry.com,Financials
KEY,KeyCorp,1,main,KEY__main_232.txt,36484,1718,47.089,1718.0,47.089,112,0,0.0,574,2.99,1.48,6.633,10.032,28.944,thrive:496; corporate citizenship:160; sustainable:99; commitment:84; impact:64; engage:52; inclusion:44; empower:43; ethics:39; enable:35; stakeholder:34; continue to:33; framework:27; purpose:22; significantly:21,key.com,Financials
HPQ,HP Inc.,1,main,HPQ__main_207.txt,65882,3078,46.72,3078.0,46.72,126,0,0.0,952,3.23,0.44,5.738,16.332,24.21,sustainable:621; impact:239; empower:185; resilience:174; engage:144; ethics:96; innovation:81; ecosystem:75; stakeholder:73; enable:70; biodiversity:67; circular economy:66; commitment:64; integrity:55; transparency:53,hp.com,Information Technology
CHRW,C.H. Robinson,1,main,CHRW__main_447.txt,20887,975,46.68,975.0,46.68,106,0,0.0,216,4.51,1.341,7.995,18.672,18.672,sustainable:207; innovation:100; engage:53; impact:41; continue to:35; ethics:30; stakeholder:26; resilience:24; enable:22; commitment:22; materiality:19; leverage:17; framework:15; transparency:15; looking ahead:14,chrobinson.com,Industrials
AIG,American International Group,1,main,AIG__main_29.txt,23782,1109,46.632,1109.0,46.632,111,0,0.0,220,5.04,0.841,10.092,12.741,22.959,sustainable:261; engage:63; continue to:47; impact:45; net zero:43; biodiversity:43; commitment:38; framework:35; stakeholder:26; ethics:25; inclusion:22; innovation:17; lever:16; accountability:16; enable:16,aig.com,Financials
PG,Procter & Gamble,2,data; main,PG__data_305.txt; PG__main_304.txt,9620,448,46.57,448.0,46.57,69,0,0.0,157,2.85,1.559,6.861,7.277,30.873,sustainable:70; impact:63; inclusion:51; ethics:26; corporate citizenship:21; innovation:15; enable:12; commitment:11; committed to:10; purpose:10; ESG:8; responsible sourcing:8; continue to:7; wellbeing:7; good governance:6,pginvestor.com,Consumer Staples
CTVA,Corteva,1,main,CTVA__main_452.txt,27375,1272,46.466,1272.0,46.466,109,0,0.0,446,2.85,1.425,5.772,14.795,24.475,sustainable:283; impact:181; innovation:166; biodiversity:67; stewardship:43; engage:26; enable:26; stakeholder:24; continue to:24; resilience:23; commitment:22; significantly:21; circular economy:18; human capital:18; framework:15,corteva.com,Materials
PFG,Principal Financial Group,1,main,PFG__main_495.txt,30300,1406,46.403,1406.0,46.403,111,0,0.0,548,2.57,0.924,6.832,9.67,28.977,sustainable:312; inclusion:122; impact:109; engage:95; sustainable X:88; continue to:46; materiality:42; ESG:39; ethics:34; integrity:24; stakeholder:24; commitment:23; stakeholder engagement:23; purpose:19; aim to:17,principal.com,Financials
ANET,Arista Networks,1,main,ANET__main_43.txt,19431,900,46.318,900.0,46.318,105,0,0.0,280,3.21,1.39,8.44,11.888,24.6,corporate citizenship:134; sustainable:69; impact:55; engage:51; continue to:38; net zero:31; ethics:28; commitment:26; circular economy:22; significantly:20; materiality:19; framework:19; stakeholder:17; innovation:17; inclusion:15,arista.com,Information Technology
FLEX,Flex Ltd.,1,main,FLEX__main_180.txt,31182,1441,46.213,1441.0,46.213,111,0,0.0,780,1.85,0.834,7.633,13.726,24.02,sustainable:329; ethics:85; engage:69; commitment:65; material topics:44; stakeholder:39; materiality:39; alignment:38; circular economy:31; continue to:31; science-based:28; significantly:28; foster:26; stakeholder engagement:26; impact:24,flex.com,Information Technology
IP,International Paper,1,main,IP__main_217.txt,19240,888,46.154,888.0,46.154,107,0,0.0,243,3.65,0.676,9.511,13.773,22.193,sustainable:196; engage:60; commitment:27; impact:27; framework:26; resilience:24; innovation:22; stewardship:21; stakeholder:19; enable:19; continue to:19; ethics:19; responsible sourcing:17; significantly:16; transparency:15,internationalpaper.com,Materials
BMY,Bristol Myers Squibb,1,main,BMY__main_69.txt,46321,2126,45.897,2126.0,45.897,124,0,0.0,638,3.33,3.044,6.736,16.148,19.969,impact:283; innovation:123; engage:116; a brighter future:107; sustainable:99; stewardship:89; ethics:89; inclusion:70; enable:54; resilience:50; accountability:48; integrity:47; commitment:46; framework:43; transparency:37,bms.com,Health Care
CFG,Citizens Financial Group,1,main,CFG__main_96.txt,25596,1174,45.867,1174.0,45.867,107,0,0.0,389,3.02,0.977,6.759,18.362,19.769,impact:166; sustainable:152; foster:80; robust:78; engage:57; innovation:50; commitment:48; ethics:38; inclusion:34; continue to:32; framework:30; stakeholder:23; empower:21; transparency:19; committed to:15,citizensbank.com,Financials
ALL,Allstate,1,main,ALL__main_436.txt,1463,67,45.796,67.0,45.796,27,0,0.0,49,1.37,1.367,5.468,15.038,23.923,sustainable:18; purpose:7; engage:6; enable:5; impact:4; commitment:3; empower:2; substantially:2; committed to:2; focused on:1; accountability:1; resilience:1; amplify:1; inclusion:1; leverage:1,allstate.com,Financials
SBAC,SBA Communications,1,main,SBAC__main_327.txt,46026,2100,45.626,2100.0,45.626,108,0,0.0,535,3.93,0.304,6.17,15.578,23.574,sustainable:466; impact:222; human capital:200; stewardship:165; engage:141; ethics:49; framework:47; commitment:47; enable:44; resilience:38; wellbeing:29; significantly:28; continue to:27; stakeholder engagement:25; committed to:25,sbasite.com,Real Estate
XYL,Xylem Inc.,1,main,XYL__main_430.txt,60781,2773,45.623,2773.0,45.623,126,0,0.0,883,3.14,0.543,5.709,14.445,24.926,sustainable:436; impact:358; engage:151; enable:99; resilience:98; commitment:82; decarbonisation:79; ethics:75; innovation:72; stakeholder:62; framework:60; materiality:56; circular economy:52; inclusion:50; material topics:49,xylem.com,Industrials
WAB,Wabtec,2,data; main,WAB__data_410.txt; WAB__main_409.txt,13094,592,45.212,592.0,45.212,82,0,0.0,151,3.92,0.84,8.783,12.83,22.759,sustainable:168; innovation:46; impact:32; purpose:24; empower:23; significantly:21; enable:16; decarbonisation:15; commitment:14; stakeholder:14; ESG:13; engage:11; continue to:9; framework:9; committed to:8,wabteccorp.com,Industrials
INTC,Intel,1,main,INTC__main_215.txt,32515,1457,44.81,1457.0,44.81,131,0,0.0,465,3.13,1.353,8.15,16.269,19.037,sustainable:193; corporate citizenship:122; innovation:93; enable:68; engage:54; impact:49; continue to:44; aim to:35; stakeholder:35; ethics:31; inclusion:29; optimise:26; circular economy:25; commitment:25; ecosystem:25,intel.com,Information Technology
BKNG,Booking Holdings,1,main,BKNG__main_67.txt,7099,318,44.795,318.0,44.795,73,0,0.0,157,2.03,0.845,7.325,13.805,22.82,sustainable:79; impact:22; enable:14; stakeholder:13; continue to:11; engage:11; wellbeing:11; resilience:10; ethics:8; integrity:6; net zero:6; aim to:6; framework:5; inclusion:5; commitment:5,bookingholdings.com,Consumer Discretionary
MS,Morgan Stanley,1,main,MS__main_273.txt,26737,1194,44.657,1194.0,44.657,98,0,0.0,477,2.5,0.86,6.583,7.443,29.771,sustainable:425; impact:142; engage:46; inclusion:41; framework:38; net zero:32; continue to:29; ESG:21; commitment:19; seek to:19; aim to:18; carbon neutral:16; stakeholder:15; innovation:15; mobilise:15,morganstanley.com,Financials
AOS,A. O. Smith,1,main,AOS__main_1.txt,6427,287,44.655,287.0,44.655,66,0,0.0,95,3.02,4.045,9.647,12.136,18.827,sustainable:60; innovation:27; commitment:21; engage:16; stewardship:15; impact:13; significantly:11; ESG:10; stakeholder:7; foster:6; we are proud:5; decarbonisation:5; cutting-edge:4; committed to:4; inclusion:4,aosmith.com,Industrials
IT,Gartner,1,main,IT__main_186.txt,19706,879,44.606,879.0,44.606,99,0,0.0,225,3.91,1.421,5.531,10.098,27.555,sustainable:194; corporate citizenship:154; ethics:37; impact:36; engage:35; inclusion:23; commitment:22; enable:19; continue to:15; empower:14; framework:13; materiality:12; wellbeing:11; best practice:11; science-based:11,gartner.com,Information Technology
PLD,Prologis,1,main,PLD__main_497.txt,16857,749,44.433,749.0,44.433,89,0,0.0,380,1.97,0.831,4.568,13.11,25.924,sustainable:186; impact:98; resilience:75; engage:45; net zero:28; ethics:27; innovation:18; significantly:13; stakeholder:13; stakeholder engagement:12; ESG:11; materiality:10; material topics:10; committed to:9; transparency:9,prologis.com,Real Estate
SYY,Sysco,2,data; main,SYY__data_356.txt; SYY__main_355.txt,22446,997,44.418,997.0,44.418,95,0,0.0,184,5.42,3.742,6.638,11.851,22.187,sustainable:260; people and planet:68; engage:53; resilience:52; impact:49; innovation:47; regenerative:28; commitment:22; stewardship:19; committed to:16; ethics:16; purpose:14; materiality:14; aim to:14; ecosystem:13,sysco.com,Consumer Staples
MDT,Medtronic,1,main,MDT__main_262.txt,27187,1207,44.396,1207.0,44.396,128,0,0.0,125,9.66,2.501,6.694,15.301,19.899,impact:164; responsible sourcing:78; ethics:77; innovation:75; sustainable:63; engage:46; commitment:35; enable:33; stakeholder:23; integrity:23; accelerate:21; empower:21; best practice:21; people and planet:18; framework:16,medtronic.com,Health Care
SOLV,Solventum,1,main,SOLV__main_340.txt,31051,1372,44.185,1372.0,44.185,109,0,0.0,382,3.59,0.837,6.699,9.597,27.052,social impact:177; sustainable:170; stewardship:116; accountability:96; engage:74; impact:58; commitment:51; ethics:49; innovation:39; significantly:30; committed to:24; framework:21; enable:21; integrity:21; aligned with:17,solventum.com,Health Care
T,AT&T,1,main,T__main_44.txt,7654,338,44.16,338.0,44.16,65,0,0.0,184,1.84,1.437,6.663,16.723,19.336,sustainable:42; ethics:27; innovation:21; enable:20; resilience:18; engage:16; commitment:13; corporate citizenship:10; integrity:9; committed to:8; transparency:8; sustainable X:8; circular economy:7; carbon neutral:7; continue to:7,att.com,Communication Services
ALLE,Allegion,1,main,ALLE__main_19.txt,4260,188,44.131,188.0,44.131,51,0,0.0,103,1.83,1.878,5.869,10.329,26.056,ESG:37; sustainable:15; ethics:13; engage:12; DEI:8; stakeholder:7; carbon neutral:6; materiality:5; purpose:5; impact:5; inclusion:5; human capital:4; transparency:3; carbon offsets:3; continue to:3,allegion.com,Industrials
DHR,Danaher Corporation,1,main,DHR__main_120.txt,14414,636,44.124,636.0,44.124,85,0,0.0,240,2.65,1.596,5.342,12.835,24.351,sustainable:212; innovation:64; impact:27; enable:26; material topics:18; ethics:16; commitment:16; inclusion:14; engage:12; framework:11; decarbonisation:11; accelerate:11; continue to:10; pillar:9; sustainable X:8,danaher.com,Health Care
ADI,Analog Devices,1,main,ADI__main_34.txt,39242,1724,43.933,1724.0,43.933,146,0,0.0,602,2.86,1.707,7.568,13.149,21.508,ESG:291; sustainable:211; engage:78; enable:63; impact:63; commitment:62; innovation:53; ethics:53; stakeholder:41; continue to:39; transparency:33; significantly:30; resilience:28; committed to:25; optimise:23,analog.com,Information Technology
HUBB,Hubbell Incorporated,1,main,HUBB__main_208.txt,43143,1895,43.924,1895.0,43.924,129,0,0.0,487,3.89,0.904,5.169,11.752,26.099,sustainable:322; impact:208; accountability:152; stewardship:133; engage:101; ethics:90; inclusion:57; commitment:40; innovation:37; enable:36; material topics:32; framework:32; stakeholder:32; resilience:28; foster:26,hubbell.com,Industrials
LH,Labcorp,1,main,LH__main_240.txt,15102,663,43.901,663.0,43.901,90,0,0.0,246,2.7,0.861,5.562,12.581,24.897,sustainable:118; corporate citizenship:89; engage:46; impact:45; resilience:31; commitment:25; ethics:24; materiality:20; wellbeing:18; innovation:14; enable:14; continue to:11; framework:10; foster:9; committed to:9,labcorp.com,Health Care
INTU,Intuit,1,main,INTU__main_218.txt,23905,1044,43.673,1044.0,43.673,121,0,0.0,200,5.22,2.05,5.982,18.072,17.57,impact:151; stakeholder:128; sustainable:78; engage:58; commitment:38; innovation:32; empower:23; ethics:21; framework:19; inclusion:18; continue to:18; transparency:17; accountability:17; enable:16; science-based:16,intuit.com,Information Technology
NSC,Norfolk Southern,1,main,NSC__main_283.txt,1422,62,43.601,62.0,43.601,28,0,0.0,58,1.07,12.658,4.923,11.252,14.768,a brighter future:17; accountability:6; resilience:4; engage:4; focused on:3; sustainable:3; regenerative:2; safety culture:2; thrive:2; empower:1; continue to:1; biodiversity:1; commitment:1; take steps:1; innovation:1,norfolksouthern.com,Industrials
SNPS,Synopsys,1,main,SNPS__main_354.txt,20500,892,43.512,892.0,43.512,103,0,0.0,193,4.62,0.78,6.732,15.756,20.244,responsible sourcing:151; engage:62; ethics:59; sustainable:51; innovation:49; impact:43; enable:38; social impact:26; commitment:21; integrity:19; continue to:19; resilience:18; stakeholder:18; optimise:18; empower:14,synopsys.com,Information Technology
AMCR,Amcor,1,main,AMCR__main_26.txt,46109,1994,43.245,1994.0,43.245,130,0,0.0,471,4.23,1.41,5.357,13.121,23.358,sustainable:413; circular economy:194; innovation:125; engage:123; impact:99; materiality:64; biodiversity:60; empower:49; enable:41; focused on:38; commitment:34; framework:30; stakeholder:29; inclusion:23; embed:22,amcor.com,Materials
PNR,Pentair,1,main,PNR__main_295.txt,15170,656,43.243,656.0,43.243,85,0,0.0,293,2.24,1.384,8.57,9.426,23.863,sustainable:212; impact:32; innovation:27; continue to:24; stewardship:24; focused on:16; ethics:16; engage:15; commitment:15; enable:13; biodiversity:13; framework:13; stakeholder:11; committed to:11; inclusion:10,pentair.com,Industrials
ULTA,Ulta Beauty,1,main,ULTA__main_385.txt,17580,759,43.174,759.0,43.174,96,0,0.0,253,3.0,1.536,8.248,14.733,18.658,corporate citizenship:75; engage:54; sustainable:51; wellbeing:46; continue to:44; inclusion:39; impact:24; innovation:23; empower:23; resilience:20; commitment:20; enable:16; positive impact:16; pillar:12; transparency:11,ulta.com,Consumer Discretionary
L,Loews Corporation,1,main,L__main_474.txt,1854,80,43.15,80.0,43.15,30,0,0.0,2,40.0,0.539,11.327,17.26,14.024,engage:8; framework:8; sustainable:7; seek to:7; commitment:6; ethics:4; human capital:3; impact:3; committed to:3; foster:3; ESG:2; aim to:2; stakeholder:2; robust:2; integrity:2,loews.com,Financials
ETN,Eaton Corporation,1,main,ETN__main_144.txt,46805,2016,43.072,2016.0,43.072,107,0,0.0,384,5.25,0.235,7.35,12.541,22.946,sustainable:362; ethics:157; nurture:85; engage:84; materiality:68; impact:64; commitment:63; resilience:55; framework:49; where possible:45; biodiversity:43; ESG:43; transparency:42; embed:42; responsible sourcing:40,eaton.com,Industrials
DELL,Dell Technologies,2,data; main,DELL__data_125.txt; DELL__main_124.txt,54800,2360,43.066,2360.0,43.066,115,0,0.0,317,7.44,0.42,5.073,10.712,26.861,inclusion:342; ESG:237; circular economy:163; climate action:135; sustainable:124; impact:92; engage:91; ethics:77; innovation:76; key driver:66; framework:57; commitment:51; continue to:43; stakeholder:43; accountability:41,dell.com,Information Technology
V,Visa Inc.,1,main,V__main_406.txt,20234,871,43.046,871.0,43.046,93,0,0.0,141,6.18,0.346,6.919,14.431,21.35,sustainable:115; ethics:62; corporate citizenship:61; engage:57; stakeholder:31; framework:29; enable:25; inclusion:25; materiality:24; ecosystem:23; continue to:21; wellbeing:20; innovation:19; integrity:17; impact:17,visa.com,Financials
AXON,Axon Enterprise,1,main,AXON__main_49.txt,12008,516,42.971,516.0,42.971,90,0,0.0,80,6.45,3.165,6.496,15.74,17.572,innovation:54; ethics:35; sustainable:34; transparency:30; impact:24; accountability:22; integrity:22; commitment:22; framework:21; inclusion:15; engage:14; ecosystem:13; foster:12; enable:11; empower:10,axon.com,Industrials
O,Realty Income,1,main,O__main_311.txt,38712,1661,42.907,1661.0,42.907,93,0,0.0,513,3.24,0.103,8.369,11.366,23.068,sustainable:417; impact:146; engage:105; continue to:101; stakeholder:54; material topics:50; ethics:48; framework:44; resilience:43; alignment:39; decarbonisation:37; wellbeing:34; aligned with:31; transparency:30; over time:29,realtyincome.com,Real Estate
EBAY,eBay Inc.,1,main,EBAY__main_145.txt,15341,652,42.5,652.0,42.5,94,0,0.0,419,1.56,1.63,8.148,9.452,23.271,impact:126; sustainable:48; continue to:28; inclusion:23; innovation:21; ethics:21; empower:20; engage:18; commitment:16; net zero:16; ESG:15; transparency:14; enable:13; thrive:13; aligned with:12,ebayinc.com,Consumer Discretionary
TEL,TE Connectivity,1,main,TEL__main_364.txt,15694,666,42.437,666.0,42.437,96,0,0.0,342,1.95,1.657,6.627,14.146,20.008,sustainable:78; wellbeing:41; ethics:39; engage:37; innovation:36; impact:36; commitment:30; inclusion:28; enable:24; corporate citizenship:16; framework:15; embed:14; empower:12; stewardship:11; purpose:10,te.com,Information Technology
TTWO,Take-Two Interactive,2,data; main,TTWO__data_358.txt; TTWO__main_357.txt,17455,736,42.166,736.0,42.166,103,0,0.0,144,5.11,1.719,9.281,13.692,17.474,sustainable:84; impact:77; engage:53; commitment:28; transparency:23; continue to:23; ethics:21; committed to:21; stakeholder:19; inclusion:17; foster:16; wellbeing:15; robust:15; framework:15; empower:14,take2games.com,Communication Services
NDAQ,"Nasdaq, Inc.",1,page,NDAQ__page_0.txt,33502,1411,42.117,1411.0,42.117,113,0,0.0,380,3.71,0.687,6.925,13.91,20.596,sustainable:298; engage:100; ethics:52; impact:44; framework:42; innovation:42; resilience:40; transparency:38; enable:38; continue to:35; science-based:32; net zero:31; purpose:27; stakeholder:26; empower:26,nasdaq.com,Financials
MRK,Merck & Co.,1,main,MRK__main_263.txt,57162,2406,42.091,2406.0,42.091,135,0,0.0,1095,2.2,0.892,7.278,11.861,22.06,sustainable:367; impact:232; ethics:222; innovation:112; engage:97; commitment:97; enable:78; inclusion:69; wellbeing:54; continue to:52; framework:52; foster:47; stakeholder:43; purpose:34; integrity:34,merck.com,Health Care
WMT,Walmart,1,main,WMT__main_411.txt,76301,3201,41.952,3201.0,41.952,117,0,0.0,588,5.44,1.062,5.793,13.932,21.166,sustainable:415; ethics:295; engage:245; integrity:201; ESG:189; resilience:166; framework:86; circular economy:85; enable:77; stakeholder:72; people and planet:69; alignment:63; transparency:59; impact:57; innovation:55,stock.walmart.com,Consumer Staples
SHW,Sherwin-Williams,2,data; main,SHW__data_334.txt; SHW__main_333.txt,16912,709,41.923,709.0,41.923,78,0,0.0,386,1.84,0.71,6.386,9.52,25.307,sustainable:221; ethics:78; environmental footprint:54; engage:49; continue to:19; innovation:18; impact:17; significantly:17; commitment:14; aligned with:13; stakeholder:13; enable:11; stewardship:11; contribute to:8; alignment:8,sherwin-williams.com,Materials
GEV,GE Vernova,1,main,GEV__main_190.txt,72393,3028,41.827,3028.0,41.827,142,0,0.0,810,3.74,1.008,7.639,12.156,21.024,sustainable:498; decarbonisation:248; thrive:170; enable:120; engage:115; innovation:112; impact:99; framework:87; continue to:79; commitment:77; circular economy:70; integrity:61; significantly:52; stakeholder:46; accelerate:46,gevernova.com,Industrials
VST,Vistra Corp.,1,main,VST__main_407.txt,26117,1091,41.774,1091.0,41.774,95,0,0.0,339,3.22,0.613,5.897,15.545,19.719,sustainable:279; innovation:109; stewardship:88; human capital:85; engage:50; impact:38; stakeholder:29; continue to:23; significantly:21; responsible sourcing:19; resilience:16; framework:16; committed to:14; commitment:14; inclusion:14,vistracorp.com,Utilities
ITW,Illinois Tool Works,2,data; main,ITW__data_214.txt; ITW__main_213.txt,8473,353,41.662,353.0,41.662,69,0,0.0,162,2.18,1.416,6.963,11.802,21.48,sustainable:74; ethics:44; innovation:22; inclusion:17; impact:15; framework:14; commitment:14; engage:9; significantly:8; enable:7; responsible sourcing:7; stakeholder:6; empower:6; committed to:5; integrity:5,itw.com,Industrials
MMM,3M,1,main,MMM__main_0.txt,23490,977,41.592,977.0,41.592,101,0,0.0,281,3.48,0.809,7.791,12.133,20.86,sustainable:122; innovation:117; impact:96; circular economy:88; commitment:41; significantly:37; material topics:33; engage:33; stewardship:30; integrity:29; ethics:23; continue to:23; stakeholder:19; committed to:17; enable:12,3m.com,Industrials
TECH,Bio-Techne,2,data; main,TECH__data_59.txt; TECH__main_58.txt,23156,963,41.587,963.0,41.587,107,0,0.0,253,3.81,1.9,5.744,13.128,20.815,sustainable:195; integrity:106; innovation:54; ethics:42; engage:40; commitment:39; impact:39; empower:24; pillar:23; enable:21; belonging:15; significantly:14; stakeholder:14; committed to:13; stewardship:13,bio-techne.com,Health Care
IQV,IQVIA,1,main,IQV__main_222.txt,32270,1341,41.556,1341.0,41.556,102,0,0.0,373,3.6,0.93,6.632,14.751,19.244,sustainable:305; ethics:103; engage:93; innovation:83; impact:65; commitment:56; enable:53; stakeholder:49; accelerate:38; continue to:32; belonging:28; exploring:26; wellbeing:22; framework:17; significantly:16,iqvia.com,Health Care
PANW,Palo Alto Networks,1,main,PANW__main_290.txt,19871,825,41.518,825.0,41.518,103,0,0.0,193,4.27,0.755,5.737,15.701,19.325,corporate citizenship:94; integrity:72; sustainable:59; engage:50; ethics:43; innovation:28; commitment:23; impact:23; stakeholder:20; enable:18; stakeholder engagement:18; leverage:17; framework:16; resilience:16; continue to:15,paloaltonetworks.com,Information Technology
COO,Cooper Companies (The),1,main,COO__main_111.txt,8530,354,41.501,354.0,41.501,72,0,0.0,135,2.62,1.172,5.627,13.013,21.688,sustainable:89; framework:23; thrive:22; impact:18; innovation:18; engage:16; ethics:13; stakeholder:12; continue to:11; materiality:9; resilience:7; commitment:6; aligned with:6; cross-functional:5; carbon footprint:5,coopercos.com,Health Care
ARE,Alexandria Real Estate Equities,1,main,ARE__main_17.txt,22124,918,41.493,918.0,41.493,97,0,0.0,338,2.72,2.893,7.729,16.498,14.374,sustainable:92; corporate citizenship:82; innovation:72; engage:60; ecosystem:53; impact:33; resilience:28; enable:27; significantly:26; continue to:25; materiality:20; stakeholder:18; aim to:16; accelerate:16; science-based:15,are.com,Real Estate
PNC,PNC Financial Services,1,main,PNC__main_301.txt,37750,1563,41.404,1563.0,41.404,114,0,0.0,665,2.35,1.139,6.993,11.232,22.04,corporate citizenship:224; sustainable X:119; responsible sourcing:105; engage:99; ethics:95; commitment:71; impact:60; inclusion:58; framework:53; continue to:47; stakeholder:46; sustainable:44; focused on:23; significantly:22; wellbeing:21,pnc.com,Financials
MRSH,Marsh McLennan,1,main,MRSH__main_481.txt,22052,913,41.402,913.0,41.402,113,0,0.0,299,3.05,1.769,7.12,9.976,22.538,ESG:144; sustainable:68; inclusion:56; engage:44; commitment:38; impact:37; ethics:33; resilience:25; committed to:23; net zero:22; accelerate:18; enable:18; integrity:18; innovation:15; belonging:15,corporate.marsh.com,Financials
FICO,Fair Isaac,1,page,FICO__page_0.txt,1305,54,41.379,54.0,41.379,33,0,0.0,1,54.0,1.533,16.092,10.728,13.027,committed to:4; sustainable:3; best practice:3; ethics:3; inclusion:3; commitment:3; innovation:3; engage:3; aligned with:2; take steps:2; stewardship:2; impact:2; aim to:1; strive to:1; looking ahead:1,fico.com,Information Technology
ZTS,Zoetis,1,main,ZTS__main_433.txt,14457,597,41.295,597.0,41.295,90,0,0.0,256,2.33,3.666,7.194,9.407,21.028,sustainable:136; a brighter future:40; ESG:36; innovation:29; impact:22; commitment:20; engage:18; continue to:16; aspiration:15; purpose:14; ethics:13; wellbeing:12; stewardship:11; enable:9; inclusion:9,zoetis.com,Health Care
MSI,Motorola Solutions,1,main,MSI__main_274.txt,18075,746,41.272,746.0,41.272,96,0,0.0,434,1.72,1.272,8.022,12.116,19.862,corporate citizenship:102; sustainable:51; engage:39; continue to:35; commitment:35; impact:34; ethics:30; inclusion:23; human capital:21; innovation:16; transparency:16; enable:16; framework:16; material topics:15; aim to:14,motorolasolutions.com,Information Technology
ALB,Albemarle Corporation,1,main,ALB__main_16.txt,20055,826,41.187,826.0,41.187,103,0,0.0,419,1.97,1.247,7.081,11.07,21.79,sustainable:236; engage:54; ethics:31; innovation:27; commitment:23; enable:20; transparency:20; continue to:17; stakeholder:15; circular economy:13; sustainable X:13; impact:13; resilience:12; integrity:12; responsible sourcing:12,albemarle.com,Materials
ACN,Accenture,2,data; main,ACN__data_6.txt; ACN__main_5.txt,25840,1062,41.099,1062.0,41.099,115,0,0.0,357,2.97,1.316,8.978,14.009,16.796,sustainable:150; impact:64; ethics:56; continue to:49; commitment:41; inclusion:39; innovation:38; engage:38; enable:37; ecosystem:30; stakeholder:22; empower:22; unlock:18; embed:16; transparency:16,accenture.com,Information Technology
HII,Huntington Ingalls Industries,1,main,HII__main_210.txt,20809,854,41.04,854.0,41.04,81,0,0.0,243,3.51,0.24,7.112,15.474,18.213,sustainable:165; engage:110; ethics:98; commitment:61; roadmap:38; alignment:22; accountability:21; purpose:16; resilience:15; integrity:15; innovation:15; impact:14; continue to:14; transparency:14; embed:12,hii.com,Industrials
CPT,Camden Property Trust,1,main,CPT__main_73.txt,21603,886,41.013,886.0,41.013,90,0,0.0,355,2.5,3.379,6.851,9.721,21.062,sustainable:143; purpose:72; corporate citizenship:70; engage:57; people and planet:55; impact:33; committed to:33; stakeholder:30; continue to:28; ethics:24; resilience:22; wellbeing:20; decarbonisation:18; commitment:13; sustainable X:12,camdenliving.com,Real Estate
PSKY,Paramount Skydance Corporation,1,main,PSKY__main_291.txt,33011,1352,40.956,1352.0,40.956,118,0,0.0,415,3.26,1.151,7.21,8.149,24.446,sustainable:237; social impact:131; ESG:98; engage:92; inclusion:91; continue to:48; material topics:44; commitment:34; ethics:31; impact:30; DEI:30; focused on:21; best practice:17; significantly:16; transparency:16,paramount.com,Communication Services
TPR,"Tapestry, Inc.",1,main,TPR__main_359.txt,24088,986,40.933,986.0,40.933,122,0,0.0,222,4.44,2.615,7.888,13.99,16.44,corporate citizenship:96; framework:86; empower:46; continue to:45; sustainable:41; impact:37; commitment:32; engage:31; biodiversity:30; resilience:24; aim to:24; innovation:23; circular economy:22; inclusion:19; ethics:16,tapestry.com,Consumer Discretionary
NOC,Northrop Grumman,2,data; main,NOC__data_285.txt; NOC__main_284.txt,12936,529,40.894,529.0,40.894,89,0,0.0,219,2.42,1.546,7.73,11.286,20.331,sustainable:123; ethics:39; commitment:23; engage:21; impact:14; responsible sourcing:13; innovation:12; best practice:12; enable:11; continue to:11; significantly:11; leverage:11; framework:9; integrity:9; biodiversity:9,northropgrumman.com,Industrials
JCI,Johnson Controls,1,main,JCI__main_230.txt,30481,1240,40.681,1240.0,40.681,119,0,0.0,448,2.77,1.279,6.726,8.956,23.72,sustainable:419; engage:57; ethics:54; significantly:42; commitment:38; impact:34; decarbonisation:31; innovation:30; enable:25; net zero:22; integrity:19; stakeholder:18; optimise:16; wellbeing:16; aligned with:15,johnsoncontrols.com,Industrials
EFX,Equifax,2,data; main,EFX__data_159.txt; EFX__main_158.txt,8463,344,40.648,344.0,40.648,60,0,0.0,162,2.12,0.591,12.761,13.47,13.825,commitment:46; engage:44; science-based:22; sustainable:17; continue to:16; decarbonisation:15; net zero:12; stakeholder:12; committed to:10; framework:9; ethics:8; innovation:8; impact:8; integrity:8; leverage:7,equifax.com,Industrials
LULU,Lululemon Athletica,2,data; main,LULU__data_250.txt; LULU__main_249.txt,27377,1112,40.618,1112.0,40.618,87,0,0.0,805,1.38,0.329,7.89,8.328,24.071,impact:258; wellbeing:97; innovation:53; continue to:43; social impact:41; climate action:39; sustainable:35; science-based:27; inclusion:27; engage:22; commitment:21; plan to:19; focused on:17; aim to:16; aligned with:16,corporate.lululemon.com,Consumer Discretionary
LYB,LyondellBasell,1,main,LYB__main_251.txt,61934,2513,40.575,2513.0,40.575,136,0,0.0,798,3.15,5.344,5.57,14.193,15.468,sustainable:490; unlock:167; pioneering:152; transformative:150; engage:110; enable:76; stakeholder:68; impact:66; innovation:65; framework:60; commitment:59; continue to:46; transparency:37; circular economy:35; significantly:34,lyondellbasell.com,Materials
TGT,Target Corporation,2,data; main,TGT__data_363.txt; TGT__main_362.txt,55517,2247,40.474,2247.0,40.474,114,0,0.0,1082,2.08,0.648,6.899,10.015,22.912,sustainable:587; responsible sourcing:151; engage:148; transparency:123; impact:87; ethics:82; continue to:73; commitment:57; framework:52; resilience:50; inclusion:42; innovation:42; stakeholder:38; wellbeing:28; biodiversity:26,corporate.target.com,Consumer Staples
DPZ,Domino's,2,data; main,DPZ__data_135.txt; DPZ__main_134.txt,8631,348,40.32,348.0,40.32,75,0,0.0,129,2.7,1.274,9.616,9.964,19.465,stewardship:23; impact:21; engage:20; commitment:19; stakeholder:19; ethics:18; materiality:17; continue to:13; environmental footprint:13; sustainable:11; inclusion:9; committed to:9; science-based:8; ESG:8; transparency:8,biz.dominos.com,Consumer Discretionary
IDXX,Idexx Laboratories,1,main,IDXX__main_212.txt,17109,689,40.271,689.0,40.271,85,0,0.0,241,2.86,2.513,8.358,11.631,17.768,corporate citizenship:72; ethics:61; sustainable:44; engage:43; people and planet:39; impact:36; innovation:29; wellbeing:29; continue to:28; commitment:22; purpose:17; inclusion:16; stakeholder:15; framework:14; enable:14,idexx.com,Health Care
INVH,Invitation Homes,1,main,INVH__main_221.txt,15644,629,40.207,629.0,40.207,102,0,0.0,122,5.16,1.918,8.566,13.552,16.172,sustainable:100; engage:51; commitment:34; impact:27; ethics:18; continue to:17; purpose:16; corporate citizenship:16; transparency:15; empower:15; committed to:15; unlock:14; stakeholder:14; embed:13; foster:12,invitationhomes.com,Real Estate
KVUE,Kenvue,1,page,KVUE__page_0.txt,37649,1513,40.187,1513.0,40.187,126,0,0.0,360,4.2,0.85,9.748,11.926,17.663,sustainable:183; commitment:113; innovation:94; impact:80; engage:72; wellbeing:49; decarbonisation:40; transparency:38; aim to:35; continue to:34; aligned with:33; enable:33; framework:25; inclusion:22; committed to:22,kenvue.com,Consumer Staples
KHC,Kraft Heinz,1,main,KHC__main_471.txt,32476,1302,40.091,1302.0,40.091,124,0,0.0,672,1.94,1.355,9.145,7.636,21.955,ESG:157; sustainable:104; stewardship:95; responsible sourcing:91; continue to:67; commitment:42; engage:42; impact:34; inclusion:32; committed to:28; transparency:25; stakeholder:23; innovation:22; wellbeing:20; ethics:19,kraftheinzcompany.com,Consumer Staples
APO,Apollo Global Management,1,main,APO__main_437.txt,33876,1358,40.087,1358.0,40.087,126,0,0.0,371,3.66,0.915,5.756,13.727,19.689,sustainable:435; engage:83; framework:65; impact:49; decarbonisation:33; stakeholder:30; enable:30; significantly:29; empower:27; ethics:21; continue to:19; value creation:19; innovation:19; resilience:18; seek to:18,apollo.com/institutional/homepage,Financials
SPGI,S&P Global,1,main,SPGI__main_324.txt,22110,886,40.072,886.0,40.072,90,0,0.0,321,2.76,0.498,5.02,12.709,21.845,impact:114; sustainable:106; engage:67; ecosystem:51; biodiversity:50; ethics:40; wellbeing:30; integrity:26; continue to:24; innovation:22; material topics:20; resilience:20; stakeholder:18; enable:18; framework:17,spglobal.com,Financials
RL,Ralph Lauren Corporation,1,main,RL__main_309.txt,19917,798,40.066,798.0,40.066,88,0,0.0,254,3.14,0.552,7.481,8.786,23.246,sustainable:218; impact:44; engage:41; biodiversity:37; circular economy:33; continue to:32; materiality:22; aligned with:21; significantly:20; committed to:20; commitment:18; enable:18; science-based:17; material topics:16; empower:15,ralphlauren.com,Consumer Discretionary
MO,Altria,1,page,MO__page_0.txt,1106,44,39.783,44.0,39.783,22,0,0.0,21,2.1,2.712,10.85,10.85,15.371,stakeholder:8; ESG:5; engage:4; inclusion:4; commitment:2; committed to:2; transparency:2; aligned with:2; significantly:2; continue to:1; broadly:1; aspiration:1; sustainable:1; lasting change:1; materiality:1,altria.com,Consumer Staples
PM,Philip Morris International,1,main,PM__main_300.txt,92987,3697,39.758,3697.0,39.758,157,0,0.0,1842,2.01,0.903,9.152,13.561,16.142,impact:447; sustainable:282; aspiration:153; continue to:126; engage:123; framework:106; significantly:103; resilience:97; enable:91; stakeholder:88; biodiversity:87; innovation:77; commitment:73; circular economy:71; robust:64,pmi.com,Consumer Staples
SW,Smurfit Westrock,2,data; main,SW__data_338.txt; SW__main_337.txt,63072,2507,39.748,2507.0,39.748,123,0,0.0,620,4.04,0.983,7.563,8.736,22.466,sustainable:669; impact:208; innovation:82; engage:81; commitment:61; significantly:61; stakeholder:57; continue to:56; inclusion:53; circular economy:50; wellbeing:44; sustainable X:44; framework:43; biodiversity:36; decarbonisation:33,smurfitwestrock.com,Materials
GS,Goldman Sachs,1,page,GS__page_0.txt,680,27,39.706,27.0,39.706,14,0,0.0,6,4.5,0.0,10.294,7.353,22.059,sustainable:6; purpose:6; engage:3; continue to:2; commitment:1; integrity:1; ethics:1; stakeholder:1; committed to:1; aspire to:1; innovation:1; impact:1; contribute to:1; expect to:1,goldmansachs.com,Financials
TFC,Truist Financial,2,data; main,TFC__data_382.txt; TFC__main_381.txt,23742,942,39.677,942.0,39.677,92,0,0.0,418,2.25,0.927,6.234,11.33,21.186,corporate citizenship:143; sustainable:98; responsible sourcing:80; engage:46; impact:40; ethics:36; framework:33; commitment:32; purpose:30; stakeholder:27; wellbeing:22; empower:19; enable:17; innovation:16; aligned with:12,truist.com,Financials
COHR,Coherent Corp.,1,main,COHR__main_104.txt,20784,824,39.646,824.0,39.646,110,0,0.0,92,8.96,1.203,6.11,11.499,20.833,sustainable:258; innovation:38; ethics:32; engage:31; impact:26; stakeholder:21; enable:20; aligned with:17; continue to:15; committed to:14; decarbonisation:13; lever:12; commitment:12; accountability:12; integrity:12,coherent.com,Information Technology
LHX,L3Harris,1,main,LHX__main_239.txt,14239,564,39.61,564.0,39.61,80,0,0.0,192,2.94,0.702,8.919,13.273,16.715,sustainable:140; ethics:36; commitment:30; continue to:25; innovation:24; engage:21; stakeholder:16; impact:15; human capital:13; enable:13; resilience:12; leverage:12; framework:9; alignment:9; integrity:8,l3harris.com,Industrials
EQIX,Equinix,2,data; main,EQIX__data_161.txt; EQIX__main_160.txt,29828,1180,39.56,1180.0,39.56,127,0,0.0,642,1.84,0.536,5.666,13.544,19.814,sustainable:269; engage:70; impact:51; ethics:40; enable:39; stakeholder:34; innovation:32; inclusion:30; framework:28; optimise:26; transparency:25; resilience:25; belonging:24; foster:20; wellbeing:20,equinix.com,Real Estate
ICE,Intercontinental Exchange,1,page,ICE__page_0.txt,557,22,39.497,22.0,39.497,13,0,0.0,1,22.0,1.795,1.795,14.363,21.544,sustainable:7; stakeholder:3; impact:2; transparency:1; at the heart of:1; foster:1; enable:1; stakeholder engagement:1; purpose:1; materiality:1; continue to:1; human capital:1; engage:1,ice.com,Financials
CMI,Cummins,1,main,CMI__main_117.txt,25906,1023,39.489,1023.0,39.489,115,0,0.0,487,2.1,1.197,8.608,13.086,16.598,sustainable:105; engage:72; commitment:61; ethics:51; impact:47; inclusion:45; innovation:44; continue to:44; enable:38; circular economy:28; decarbonisation:24; stakeholder:21; transparency:21; focused on:18; accountability:17,cummins.com,Industrials
STZ,Constellation Brands,1,main,STZ__main_109.txt,17595,693,39.386,693.0,39.386,91,0,0.0,285,2.43,0.512,8.809,10.003,20.063,impact:95; ESG:73; sustainable:43; engage:41; stewardship:32; continue to:32; resilience:22; contribute to:21; commitment:18; enable:17; biodiversity:16; inclusion:15; ethics:13; aim to:11; focused on:11,cbrands.com,Consumer Staples
PAYX,Paychex,1,main,PAYX__main_293.txt,10373,405,39.044,405.0,39.044,79,0,0.0,81,5.0,2.989,6.266,10.412,19.377,ethics:63; engage:27; corporate citizenship:20; commitment:20; impact:20; wellbeing:19; purpose:12; empower:12; continue to:11; stakeholder:11; sustainable:10; integrity:10; belonging:9; innovation:8; climate ambition:8,paychex.com,Industrials
MDLZ,Mondelez International,2,data; main,MDLZ__data_271.txt; MDLZ__main_270.txt,46778,1811,38.715,1811.0,38.715,134,0,0.0,681,2.66,1.176,10.112,12.036,15.392,sustainable:292; engage:109; impact:93; continue to:90; aim to:76; stakeholder:67; biodiversity:60; helps to reduce:51; ecosystem:36; ethics:36; commitment:36; innovation:33; regenerative:30; integrity:29; focused on:29,mondelezinternational.com,Consumer Staples
IRM,Iron Mountain,1,main,IRM__main_223.txt,18551,717,38.65,717.0,38.65,104,0,0.0,535,1.34,1.186,6.684,10.781,19.999,sustainable:146; engage:39; ethics:37; impact:31; materiality:31; commitment:23; innovation:19; significantly:18; stakeholder:17; resilience:14; material topics:14; continue to:14; stakeholder engagement:13; sustainable X:12; wellbeing:12,ironmountain.com,Real Estate
MCHP,Microchip Technology,1,main,MCHP__main_478.txt,22472,863,38.403,863.0,38.403,109,0,0.0,427,2.02,0.89,8.099,10.858,18.556,sustainable:196; commitment:33; engage:32; ethics:32; innovation:29; significantly:28; enable:27; impact:23; stakeholder:21; biodiversity:20; ESG:19; committed to:17; resilience:16; continue to:16; net zero:15,microchip.com,Information Technology
AES,AES Corporation,1,main,AES__main_10.txt,20417,784,38.399,784.0,38.399,87,0,0.0,455,1.72,1.959,4.702,12.196,19.543,sustainable:137; accountability:69; ethics:37; innovation:31; impact:30; wellbeing:30; engage:30; empower:28; stakeholder:26; stakeholder engagement:25; biodiversity:23; framework:21; continue to:17; enable:16; people and planet:14,aes.com,Utilities
CAT,Caterpillar Inc.,1,main,CAT__main_75.txt,25365,973,38.36,973.0,38.36,111,0,0.0,470,2.07,1.222,6.308,10.802,20.028,sustainable:319; engage:85; ESG:37; commitment:33; impact:31; enable:30; innovation:26; resilience:21; stewardship:18; continue to:18; significantly:17; aligned with:14; ethics:13; a brighter future:12; contribute to:11,caterpillar.com,Industrials
MCD,McDonald's,2,data; main,MCD__data_260.txt; MCD__main_259.txt,28694,1100,38.336,1100.0,38.336,112,0,0.0,466,2.36,1.429,9.479,9.932,17.495,impact:114; inclusion:101; sustainable:84; empower:68; purpose:57; commitment:52; continue to:50; engage:28; resilience:24; aim to:24; foster:21; committed to:20; stakeholder:20; helps to reduce:19; regenerative:18,mcdonalds.com,Consumer Discretionary
HON,Honeywell Technologies,1,main,HON__main_204.txt,22000,842,38.273,842.0,38.273,105,0,0.0,227,3.71,1.591,5.955,11.636,19.091,impact:109; engage:59; integrity:57; sustainable:56; commitment:30; innovation:29; ESG:24; stewardship:19; enable:19; inclusion:19; ethics:19; continue to:19; robust:18; committed to:18; wellbeing:17,honeywell.com,Industrials
DOW,Dow Inc.,1,main,DOW__main_139.txt,56936,2171,38.131,2171.0,38.131,140,0,0.0,956,2.27,0.984,7.131,13.138,16.879,sustainable:213; engage:149; impact:103; biodiversity:83; stakeholder:80; ecosystem:74; significantly:71; inclusion:65; resilience:64; circular economy:62; decarbonisation:58; enable:58; commitment:57; continue to:56; innovation:56,dow.com,Materials
WM,Waste Management,2,data; main,WM__data_415.txt; WM__main_414.txt,19072,727,38.119,727.0,38.119,100,0,0.0,688,1.06,1.363,6.187,13.161,17.408,sustainable:165; innovation:65; resilience:43; impact:39; inclusion:32; engage:27; continue to:24; circular economy:15; enable:15; social impact:14; commitment:13; empower:12; thrive:12; expect to:10; significantly:10,wm.com,Industrials
QCOM,Qualcomm,1,main,QCOM__main_307.txt,22410,850,37.929,850.0,37.929,100,0,0.0,338,2.51,1.026,6.783,11.066,19.054,sustainable:133; corporate citizenship:103; engage:50; innovation:39; impact:29; ethics:26; continue to:25; commitment:22; resilience:20; stakeholder:20; significantly:20; responsible sourcing:18; empower:17; ecosystem:16; materiality:15,qualcomm.com,Information Technology
DLR,Digital Realty,1,main,DLR__main_129.txt,23994,910,37.926,910.0,37.926,92,0,0.0,309,2.94,0.375,6.502,8.961,22.089,impact:168; sustainable:147; engage:42; material topics:40; ethics:30; alignment:28; resilience:23; biodiversity:19; committed to:18; significantly:18; commitment:17; aligned with:15; stakeholder:15; enable:14; seek to:14,digitalrealty.com,Real Estate
PSA,Public Storage,1,main,PSA__main_498.txt,21731,823,37.872,823.0,37.872,109,0,0.0,256,3.21,1.427,6.903,9.894,19.649,sustainable:219; impact:53; engage:49; stakeholder:35; inclusion:26; commitment:20; human capital:18; committed to:17; ethics:16; continue to:15; transparency:15; resilience:14; significantly:14; circular economy:12; accountability:10,publicstorage.com,Real Estate
CEG,Constellation Energy,1,main,CEG__main_110.txt,21007,795,37.845,795.0,37.845,101,0,0.0,402,1.98,1.19,6.474,14.614,15.566,sustainable:134; engage:62; enable:30; innovation:29; commitment:28; ethics:26; continue to:23; impact:22; stakeholder:22; empower:22; resilience:20; stewardship:18; biodiversity:17; ecosystem:16; decarbonisation:16,constellationenergy.com,Utilities
VRTX,Vertex Pharmaceuticals,2,data; main,VRTX__data_402.txt; VRTX__main_401.txt,14552,550,37.795,550.0,37.795,92,0,0.0,244,2.25,2.886,7.49,10.789,16.63,impact:59; corporate citizenship:57; sustainable:32; engage:30; innovation:28; ethics:21; transformative:21; continue to:20; commitment:17; wellbeing:15; foster:12; integrity:12; belonging:11; enable:11; committed to:11,vrtx.com,Health Care
WRB,W. R. Berkley Corporation,1,main,WRB__main_408.txt,23038,869,37.72,869.0,37.72,89,0,0.0,195,4.46,0.738,6.468,13.456,17.059,sustainable:209; pillar:68; ethics:43; framework:42; impact:37; engage:34; innovation:29; human capital:29; transparency:29; continue to:28; resilience:20; seek to:20; stakeholder:18; significantly:16; inclusion:13,berkley.com,Financials
HAL,Halliburton,1,main,HAL__main_199.txt,10969,412,37.56,412.0,37.56,70,0,0.0,193,2.13,1.003,5.561,10.666,20.33,sustainable:98; ethics:49; engage:36; commitment:18; impact:15; stakeholder:13; significantly:12; transparency:11; pillar:11; biodiversity:8; innovation:8; materiality:7; integrity:7; stewardship:6; framework:6,halliburton.com,Energy
VICI,Vici Properties,1,main,VICI__main_405.txt,21711,815,37.539,815.0,37.539,83,0,0.0,249,3.27,0.783,7.37,11.975,17.411,sustainable:166; engage:103; corporate citizenship:72; impact:50; commitment:35; stakeholder:32; continue to:30; framework:25; pillar:18; significantly:16; materiality:14; alignment:12; inclusion:11; seek to:11; as appropriate:10,viciproperties.com,Real Estate
TXN,Texas Instruments,2,data; main,TXN__data_372.txt; TXN__main_371.txt,35813,1344,37.528,1344.0,37.528,95,0,0.0,721,1.86,1.508,6.869,6.925,22.227,corporate citizenship:190; sustainable:165; impact:157; commitment:115; responsible sourcing:103; engage:60; ethics:51; material topics:33; innovation:31; stakeholder:25; enable:21; continue to:19; a brighter future:19; inclusion:16; significantly:15,ti.com,Information Technology
FIS,Fidelity National Information Services,1,main,FIS__main_175.txt,25654,962,37.499,962.0,37.499,79,0,0.0,557,1.73,0.078,4.678,9.628,23.115,sustainable:196; ethics:170; impact:58; integrity:49; engage:43; inclusion:31; stakeholder:24; commitment:23; empower:23; framework:21; enable:20; resilience:20; transparency:20; continue to:14; committed to:13,fisglobal.com,Financials
STX,Seagate Technology,1,main,STX__main_330.txt,20258,756,37.319,756.0,37.319,103,0,0.0,119,6.35,0.938,6.17,10.86,19.35,sustainable:177; engage:52; ethics:38; continue to:28; stakeholder:24; focused on:22; innovation:21; impact:20; significantly:17; responsible sourcing:16; framework:16; inclusion:15; transparency:15; foster:14; materiality:13,seagate.com,Information Technology
SWK,Stanley Black & Decker,1,main,SWK__main_343.txt,12089,450,37.224,450.0,37.224,92,0,0.0,232,1.94,1.737,7.114,12.491,15.882,sustainable:56; impact:54; commitment:33; innovation:25; engage:24; ethics:16; continue to:13; stakeholder:13; enable:10; circular economy:9; empower:8; resilience:7; accelerate:7; focused on:7; significantly:7,stanleyblackanddecker.com,Industrials
HRL,Hormel Foods,1,main,HRL__main_205.txt,16623,618,37.177,618.0,37.177,88,0,0.0,200,3.09,0.782,6.918,11.069,18.408,impact:102; engage:44; stewardship:30; regenerative:27; innovation:27; ethics:24; sustainable:24; continue to:21; stakeholder:20; strive to:20; commitment:16; corporate citizenship:15; empower:13; wellbeing:12; inclusion:10,hormelfoods.com,Consumer Staples
AMAT,Applied Materials,1,main,AMAT__main_38.txt,26880,997,37.091,997.0,37.091,107,0,0.0,526,1.9,0.93,5.618,16.109,14.435,impact:106; empower:86; sustainable:85; engage:60; innovation:53; net zero:39; enable:35; accelerate:31; ethics:28; commitment:24; decarbonisation:21; committed to:17; continue to:17; resilience:15; foster:15,appliedmaterials.com,Information Technology
UDR,"UDR, Inc.",1,main,UDR__main_384.txt,24461,907,37.079,907.0,37.079,86,0,0.0,378,2.4,0.491,6.582,10.057,19.95,sustainable:129; corporate citizenship:107; ESG:70; engage:60; stakeholder:34; continue to:33; commitment:30; impact:29; materiality:27; ethics:24; inclusion:23; innovation:22; decarbonisation:17; framework:17; aligned with:17,udr.com,Real Estate
ADM,Archer Daniels Midland,1,main,ADM__main_42.txt,20413,756,37.035,756.0,37.035,87,0,0.0,252,3.0,0.343,7.74,11.757,17.195,sustainable:112; engage:52; biodiversity:42; commitment:41; ethics:28; regenerative:26; stakeholder:22; impact:22; resilience:20; integrity:19; framework:18; continue to:17; transparency:17; enable:16; responsible sourcing:14,adm.com,Consumer Staples
VLTO,Veralto,1,main,VLTO__main_396.txt,32861,1217,37.035,1217.0,37.035,116,0,0.0,375,3.25,1.156,6.056,9.129,20.693,sustainable:337; innovation:74; impact:62; ethics:55; commitment:53; engage:47; committed to:28; enable:26; stewardship:25; integrity:25; inclusion:25; stakeholder:24; significantly:22; framework:18; materiality:18,veralto.com,Industrials
OTIS,Otis Worldwide,1,main,OTIS__main_491.txt,28557,1057,37.014,1057.0,37.014,91,0,0.0,401,2.64,0.245,5.953,10.155,20.66,thrive:128; impact:118; accountability:92; sustainable:78; engage:70; ethics:59; resilience:34; continue to:30; stakeholder:26; significantly:25; framework:22; commitment:21; aligned with:19; focused on:17; cross-functional:15,otis.com,Industrials
AMD,Advanced Micro Devices,1,main,AMD__main_9.txt,45458,1682,37.001,1682.0,37.001,129,0,0.0,748,2.25,0.88,6.468,13.045,16.609,corporate citizenship:153; engage:122; sustainable:108; impact:87; inclusion:85; innovation:63; belonging:51; material topics:50; framework:43; enable:43; ethics:41; continue to:41; commitment:39; ESG:32; foster:30,amd.com,Information Technology
LOW,Lowe's,2,main,LOW__main_247.txt; LOW__main_248.txt,31516,1166,36.997,1166.0,36.997,104,0,0.0,689,1.69,1.079,8.472,8.821,18.625,sustainable:189; impact:77; inclusion:74; corporate citizenship:69; continue to:52; engage:50; commitment:40; plan to:33; alignment:30; ethics:28; foster:23; material topics:21; strive to:21; resilience:19; committed to:18,corporate.lowes.com,Consumer Discretionary
META,Meta Platforms,2,data; main,META__data_265.txt; META__main_264.txt,20139,742,36.844,742.0,36.844,97,0,0.0,544,1.36,0.546,6.604,10.527,19.167,sustainable:162; net zero:40; biodiversity:30; enable:29; resilience:24; responsible sourcing:23; engage:21; impact:20; decarbonisation:18; aim to:18; ecosystem:17; innovation:17; commitment:16; accelerate:16; committed to:15,meta.com,Communication Services
CNC,Centene Corporation,2,data; main,CNC__data_80.txt; CNC__main_79.txt,20715,761,36.737,761.0,36.737,70,0,0.0,263,2.89,0.531,5.696,11.586,18.923,accountability:80; engage:71; integrity:66; corporate citizenship:65; sustainable:55; inclusion:37; impact:34; continue to:28; commitment:22; ethics:17; enable:17; innovation:16; foster:15; framework:14; transparency:14,centene.com,Health Care
NRG,NRG Energy,1,main,NRG__main_485.txt,18457,678,36.734,678.0,36.734,106,0,0.0,344,1.97,1.246,5.31,10.294,19.884,sustainable:196; engage:36; stakeholder:21; commitment:20; innovation:20; impact:16; wellbeing:15; inclusion:14; sustainable X:13; transparency:13; significantly:13; carbon offsets:12; committed to:11; decarbonisation:11; continue to:11,nrg.com,Utilities
DXCM,Dexcom,1,main,DXCM__main_127.txt,19099,700,36.651,700.0,36.651,86,0,0.0,282,2.48,1.152,8.116,7.33,20.053,sustainable:182; integrity:102; commitment:28; impact:25; continue to:25; engage:23; significantly:18; framework:18; inclusion:12; innovation:11; ethics:11; committed to:10; enable:10; plan to:9; stakeholder:9,dexcom.com,Health Care
MA,Mastercard,1,main,MA__main_257.txt,33562,1229,36.619,1229.0,36.619,124,0,0.0,487,2.52,1.192,4.886,13.766,16.775,impact:184; inclusion:77; sustainable:62; engage:60; ethics:58; enable:48; innovation:45; resilience:45; commitment:33; ecosystem:28; stakeholder:28; empower:25; wellbeing:24; committed to:22; framework:21,mastercard.com,Financials
IBKR,Interactive Brokers,1,main,IBKR__main_468.txt,16847,616,36.564,616.0,36.564,79,0,0.0,252,2.44,0.594,7.064,11.693,17.214,sustainable:123; resilience:66; impact:36; ESG:28; continue to:28; framework:22; engage:19; materiality:17; innovation:15; integrity:15; ethics:14; robust:14; aligned with:13; significantly:12; focused on:12,interactivebrokers.com,Financials
WELL,Welltower,1,main,WELL__main_419.txt,12909,471,36.486,471.0,36.486,79,0,0.0,163,2.89,1.007,5.423,6.507,23.549,sustainable:139; social impact:70; engage:30; transparency:19; continue to:13; stakeholder:11; impact:11; ethics:9; materiality:8; ESG:8; we are proud:7; inclusion:7; wellbeing:6; commitment:6; significantly:5,welltower.com,Real Estate
EOG,EOG Resources,1,page,EOG__page_0.txt,192,7,36.458,7.0,36.458,3,0,0.0,14,0.5,0.0,0.0,0.0,36.458,sustainable:4; ethics:2; transparency:1,eogresources.com,Energy
MNST,Monster Beverage,1,main,MNST__main_272.txt,8216,299,36.392,299.0,36.392,70,0,0.0,131,2.28,1.217,6.694,7.911,20.57,sustainable:102; impact:11; engage:10; ethics:10; stakeholder:9; aim to:8; continue to:7; commitment:7; strive to:7; stewardship:7; innovation:6; framework:5; materiality:5; wellbeing:5; transparency:5,monsterbevcorp.com,Consumer Staples
CHD,Church & Dwight,1,main,CHD__main_86.txt,30131,1096,36.374,1096.0,36.374,104,0,0.0,579,1.89,0.697,8.861,9.326,17.49,sustainable:260; engage:66; responsible sourcing:58; continue to:48; significantly:37; stakeholder:36; impact:32; inclusion:31; commitment:30; resilience:23; ethics:21; aligned with:18; innovation:17; science-based:17; framework:15,churchdwight.com,Consumer Staples
PPL,PPL Corporation,1,main,PPL__main_303.txt,20130,732,36.364,732.0,36.364,79,0,0.0,323,2.27,0.149,6.359,10.184,19.672,sustainable:226; engage:45; innovation:29; biodiversity:28; ethics:25; impact:24; enable:22; resilience:22; significantly:20; integrity:18; stakeholder:18; continue to:17; committed to:15; commitment:13; stewardship:13,pplweb.com,Utilities
FITB,Fifth Third Bancorp,1,main,FITB__main_459.txt,39607,1440,36.357,1440.0,36.357,117,0,0.0,635,2.27,0.707,6.716,12.826,16.108,sustainable:323; enable:140; ethics:64; engage:58; innovation:58; commitment:54; resilience:53; impact:53; continue to:45; inclusion:44; committed to:32; wellbeing:30; framework:29; stakeholder:25; corporate citizenship:23,53.com,Financials
FDX,FedEx,2,data; main,FDX__data_173.txt; FDX__main_172.txt,24720,898,36.327,898.0,36.327,97,0,0.0,410,2.19,0.526,6.634,11.165,18.002,corporate citizenship:159; sustainable:95; engage:42; integrity:35; continue to:33; impact:31; resilience:26; innovation:25; commitment:25; optimise:23; enable:22; ethics:20; significantly:20; aligned with:18; embed:13,fedex.com,Industrials
HD,Home Depot (The),1,main,HD__main_203.txt,36088,1309,36.272,1309.0,36.272,110,0,0.0,543,2.41,1.081,6.761,10.308,18.122,sustainable:290; responsible sourcing:176; engage:83; commitment:46; impact:44; innovation:34; circular economy:30; continue to:28; biodiversity:23; stakeholder:22; significantly:20; framework:20; resilience:18; helps to reduce:18; human capital:17,homedepot.com,Consumer Discretionary
ELV,Elevance Health,1,main,ELV__main_151.txt,11117,403,36.251,403.0,36.251,66,0,0.0,141,2.86,0.989,5.937,11.154,18.17,impact:79; engage:32; ethics:27; sustainable:26; alignment:16; accountability:11; significantly:10; resilience:10; foster:9; integrity:9; commitment:9; committed to:9; framework:9; stakeholder:8; materiality:8,elevancehealth.com,Health Care
WAT,Waters Corporation,1,main,WAT__main_508.txt,16515,598,36.21,598.0,36.21,81,0,0.0,334,1.79,0.727,6.782,6.479,22.222,ESG:144; social impact:60; ethics:31; sustainable:29; committed to:23; engage:22; inclusion:22; impact:19; innovation:16; commitment:12; stakeholder:11; foster:11; seek to:9; where possible:8; wellbeing:8,waters.com,Health Care
BA,Boeing,1,main,BA__main_66.txt,20500,742,36.195,742.0,36.195,73,0,0.0,343,2.16,0.146,5.122,12.537,18.39,sustainable:223; resilience:82; ethics:65; engage:36; innovation:28; stakeholder:25; significantly:19; wellbeing:17; material topics:17; continue to:15; commitment:13; enable:12; framework:10; committed to:10; best practice:9,boeing.com,Industrials
LIN,Linde plc,1,main,LIN__main_245.txt,42967,1555,36.191,1555.0,36.191,110,0,0.0,903,1.72,0.652,6.168,9.635,19.736,sustainable X:325; sustainable:136; engage:127; significantly:61; commitment:59; integrity:52; enable:50; decarbonisation:44; impact:43; material topics:40; inclusion:39; stakeholder:38; framework:30; ethics:27; innovation:25,linde.com,Materials
RF,Regions Financial Corporation,1,main,RF__main_315.txt,38212,1380,36.114,1380.0,36.114,102,0,0.0,548,2.52,0.707,8.06,10.651,16.696,shared value:234; engage:95; commitment:76; ethics:69; inclusion:64; impact:64; continue to:51; stakeholder:39; empower:38; sustainable:36; significantly:28; framework:28; corporate citizenship:27; committed to:26; wellbeing:26,regions.com,Financials
RSG,Republic Services,2,data; main,RSG__data_317.txt; RSG__main_316.txt,13058,470,35.993,470.0,35.993,83,0,0.0,247,1.9,0.996,7.582,7.582,19.835,sustainable:129; climate ambition:35; engage:30; impact:18; commitment:15; circular economy:15; aligned with:13; continue to:13; enable:11; framework:11; ethics:10; significantly:7; focused on:7; contribute to:7; optimise:7,republicservices.com,Industrials
MAR,Marriott International,1,main,MAR__main_477.txt,7648,275,35.957,275.0,35.957,74,0,0.0,134,2.05,2.354,7.061,10.853,15.69,sustainable:30; engage:27; inclusion:15; ethics:14; continue to:11; commitment:8; ESG:7; social impact:6; empower:6; resilience:6; people-first:6; innovation:5; integrity:5; wellbeing:5; plan to:5,marriott.com,Consumer Discretionary
ROST,Ross Stores,1,main,ROST__main_323.txt,17554,631,35.946,631.0,35.946,82,0,0.0,340,1.86,1.766,9.229,7.577,17.375,sustainable:98; ethics:80; empower:64; commitment:46; DEI:29; inclusion:24; continue to:23; impact:23; engage:16; committed to:14; significantly:10; aligned with:9; foster:9; transparency:8; integrity:7,rossstores.com,Consumer Discretionary
DGX,Quest Diagnostics,1,main,DGX__main_308.txt,16886,606,35.888,606.0,35.888,87,0,0.0,230,2.63,0.948,5.626,13.325,15.99,engage:88; sustainable:69; ethics:63; corporate citizenship:55; impact:34; commitment:21; innovation:19; continue to:18; enable:14; empower:12; wellbeing:10; framework:10; exploring:9; stakeholder:8; champion:8,questdiagnostics.com,Health Care
LVS,Las Vegas Sands,1,main,LVS__main_242.txt,48169,1719,35.687,1719.0,35.687,125,0,0.0,1055,1.63,0.768,6.643,9.84,18.435,ESG:204; sustainable:162; engage:104; impact:93; commitment:67; ethics:54; material topics:53; significantly:49; biodiversity:48; inclusion:43; pillar:38; stakeholder:34; committed to:31; empower:30; framework:29,sands.com,Consumer Discretionary
JBL,Jabil,2,data; main,JBL__data_226.txt; JBL__main_225.txt,33669,1201,35.671,1201.0,35.671,120,0,0.0,367,3.27,1.337,5.465,13.93,14.94,sustainable:171; innovation:120; pillar:83; impact:49; commitment:47; engage:35; significantly:35; enable:32; empower:30; wellbeing:28; stakeholder:26; inclusion:26; integrity:25; optimise:21; ethics:20,jabil.com,Information Technology
GLW,Corning Inc.,1,main,GLW__main_112.txt,13077,466,35.635,466.0,35.635,82,0,0.0,271,1.72,1.529,5.123,9.1,19.882,sustainable:85; impact:84; innovation:32; engage:19; ethics:15; enable:15; continue to:11; decarbonisation:9; wellbeing:9; optimise:8; handprint:7; committed to:7; inclusion:7; commitment:6; responsible sourcing:6,corning.com,Information Technology
SO,Southern Company,1,main,SO__main_341.txt,12959,461,35.574,461.0,35.574,83,0,0.0,154,2.99,1.466,7.099,13.89,13.118,sustainable:79; innovation:51; engage:32; stakeholder:20; commitment:19; impact:16; resilience:15; continue to:13; significantly:11; net zero:9; robust:9; stewardship:9; focused on:7; biodiversity:7; inclusion:6,southerncompany.com,Utilities
CLX,Clorox,1,main,CLX__main_97.txt,17506,621,35.474,621.0,35.474,90,0,0.0,367,1.69,0.8,5.312,12.738,16.623,sustainable:173; innovation:37; significantly:22; engage:21; continue to:19; impact:19; value creation:18; inclusion:17; framework:16; stakeholder:14; streamline:14; thrive:11; commitment:10; enable:10; transparency:10,thecloroxcompany.com,Consumer Staples
JPM,JPMorgan Chase,1,main,JPM__main_470.txt,21453,761,35.473,761.0,35.473,80,0,0.0,272,2.8,0.28,9.369,8.204,17.62,sustainable:99; decarbonisation:59; continue to:54; engage:52; impact:43; net zero:39; framework:35; ESG:30; stakeholder:19; aim to:19; low-carbon future:18; carbon offsets:13; significantly:13; over time:12; sustainable X:12,jpmorganchase.com,Financials
AMGN,Amgen,1,main,AMGN__main_32.txt,12699,448,35.278,448.0,35.278,90,0,0.0,214,2.09,1.969,7.245,10.788,15.277,sustainable:99; innovation:35; engage:23; impact:21; ethics:19; commitment:14; enable:10; continue to:10; future generations:8; alignment:7; significantly:6; carbon neutral:6; framework:6; stakeholder:6; contribute to:6,amgen.com,Health Care
LRCX,Lam Research,1,main,LRCX__main_241.txt,28621,1009,35.254,1009.0,35.254,107,0,0.0,539,1.87,1.188,5.695,12.438,15.932,impact:135; engage:94; sustainable:61; ethics:42; net zero:37; innovation:34; ESG:34; continue to:29; framework:23; stakeholder:19; enable:17; stewardship:16; focused on:16; optimise:15; resilience:15,lamresearch.com,Information Technology
NEM,Newmont,1,main,NEM__main_277.txt,38140,1341,35.16,1341.0,35.16,97,0,0.0,873,1.54,0.367,8.154,8.941,17.698,sustainable:277; commitment:66; engage:65; integrity:57; framework:54; stakeholder:48; impact:44; continue to:44; stewardship:42; biodiversity:40; significantly:34; transparency:32; aligned with:30; accountability:26; contribute to:21,newmont.com,Materials
GWW,W. W. Grainger,1,main,GWW__main_463.txt,12224,429,35.095,429.0,35.095,72,0,0.0,255,1.68,0.818,6.381,7.117,20.779,impact:92; sustainable:59; materiality:24; commitment:18; ethics:18; engage:17; transparency:16; inclusion:12; continue to:10; significantly:10; stakeholder:10; integrity:8; focused on:7; committed to:7; framework:6,grainger.com,Industrials
MSFT,Microsoft,1,main,MSFT__main_268.txt,22096,772,34.938,772.0,34.938,90,0,0.0,247,3.13,0.588,8.01,10.59,15.749,sustainable:188; impact:38; decarbonisation:31; commitment:27; ecosystem:26; innovation:26; engage:24; enable:24; continue to:23; helps to reduce:22; resilience:20; transparency:20; accelerate:18; significantly:16; optimise:16,microsoft.com,Information Technology
NI,NiSource,1,main,NI__main_281.txt,23096,805,34.855,805.0,34.855,84,0,0.0,628,1.28,0.649,6.105,7.361,20.74,sustainable:205; biodiversity:102; engage:38; ethics:31; commitment:29; impact:24; net zero:22; continue to:20; stakeholder:18; innovation:16; enable:16; integrity:15; significantly:14; accountability:13; framework:13,nisource.com,Utilities
WSM,"Williams-Sonoma, Inc.",1,main,WSM__main_423.txt,14860,517,34.791,517.0,34.791,81,0,0.0,312,1.66,1.548,5.922,7.133,20.188,impact:79; purpose:49; sustainable:37; ethics:30; engage:28; science-based:22; wellbeing:17; carbon offsets:13; continue to:13; commitment:12; carbon neutral:12; changemaker:11; stewardship:11; committed to:9; roadmap:9,williams-sonomainc.com,Consumer Discretionary
EIX,Edison International,2,data; main,EIX__data_148.txt; EIX__main_147.txt,50743,1761,34.704,1761.0,34.704,113,0,0.0,1251,1.41,0.453,5.794,11.174,17.283,sustainable:434; resilience:137; engage:91; energy transition:89; stakeholder engagement:73; commitment:48; significantly:44; net zero:42; ethics:39; continue to:38; aligned with:34; impact:33; safety culture:31; enable:29; stakeholder:29,edison.com,Utilities
FERG,Ferguson Enterprises,1,main,FERG__main_174.txt,15565,538,34.565,538.0,34.565,76,0,0.0,109,4.94,0.835,7.26,8.93,17.539,sustainable:149; impact:47; commitment:30; engage:28; innovation:22; ethics:18; framework:14; committed to:11; stakeholder:10; continue to:10; resilience:10; responsible sourcing:9; aligned with:9; significantly:8; exploring:8,corporate.ferguson.com,Industrials
J,Jacobs Solutions,1,main,J__main_228.txt,46431,1600,34.46,1600.0,34.46,130,0,0.0,231,6.93,0.926,6.052,12.556,14.925,sustainable:237; resilience:78; framework:77; inclusion:65; impact:63; commitment:62; engage:57; wellbeing:43; enable:37; ESG:35; significantly:35; innovation:34; stakeholder:32; alignment:29; continue to:25,jacobs.com,Industrials
EL,Estée Lauder Companies (The),1,main,EL__main_162.txt,51092,1760,34.448,1760.0,34.448,131,0,0.0,718,2.45,1.351,7.183,10.706,15.208,sustainable:302; engage:102; social impact:96; innovation:85; continue to:81; commitment:71; impact:64; biodiversity:50; committed to:36; aim to:34; inclusion:32; stewardship:32; leverage:31; stakeholder:28; empower:27,elcompanies.com,Consumer Staples
HST,Host Hotels & Resorts,1,main,HST__main_466.txt,27479,945,34.39,945.0,34.39,116,0,0.0,559,1.69,1.055,5.713,11.463,16.158,corporate citizenship:115; engage:87; sustainable:67; resilience:44; impact:40; commitment:26; stakeholder:24; inclusion:22; continue to:22; net positive:19; ESG:17; material topics:16; ethics:16; responsible sourcing:15; best practice:13,hosthotels.com,Real Estate
ISRG,Intuitive Surgical,1,main,ISRG__main_219.txt,10312,354,34.329,354.0,34.329,70,0,0.0,145,2.44,1.746,6.691,11.055,14.837,impact:95; innovation:21; sustainable:16; engage:16; enable:14; commitment:12; ethics:11; continue to:11; framework:10; transparency:8; seek to:7; ecosystem:6; significantly:6; committed to:6; alignment:5,intuitive.com,Health Care
TSN,Tyson Foods,1,main,TSN__main_383.txt,16314,560,34.326,560.0,34.326,84,0,0.0,95,5.89,0.552,6.865,12.014,14.895,sustainable:83; impact:73; engage:44; innovation:30; ethics:20; commitment:18; materiality:18; stewardship:14; continue to:13; enable:13; foster:11; framework:10; stakeholder:10; aligned with:9; alignment:7,tysonfoods.com,Consumer Staples
CTAS,Cintas,2,data; main,CTAS__data_92.txt; CTAS__main_91.txt,6301,216,34.28,216.0,34.28,38,0,0.0,108,2.0,5.237,5.872,8.253,14.918,impact:77; champion:33; continue to:10; commitment:8; engage:8; meaningful impact:5; positive impact:5; committed to:5; we are proud:5; make a difference:5; giving back:5; foster:4; purpose:3; empower:3; contribute to:3,cintas.com,Industrials
XEL,Xcel Energy,1,main,XEL__main_509.txt,32150,1101,34.246,1101.0,34.246,124,0,0.0,718,1.53,0.84,6.314,7.03,20.062,sustainable:227; net zero:115; integrity:95; engage:46; impact:36; committed to:35; innovation:28; continue to:27; ethics:24; commitment:24; stakeholder:20; significantly:20; resilience:19; enable:17; aligned with:14,my.xcelenergy.com/s,Utilities
BKR,Baker Hughes,1,main,BKR__main_50.txt,71236,2439,34.238,2439.0,34.238,152,0,0.0,1060,2.3,2.794,5.222,12.311,13.912,sustainable:318; engage:133; people and planet:131; enable:101; impact:98; commitment:80; inclusion:68; innovation:67; resilience:54; transparency:52; ethics:52; stakeholder:48; biodiversity:46; significantly:44; continue to:43,bakerhughes.com,Energy
WBD,Warner Bros. Discovery,2,data; main,WBD__data_413.txt; WBD__main_412.txt,16501,561,33.998,561.0,33.998,85,0,0.0,92,6.1,0.727,7.575,10.424,15.272,ethics:81; sustainable:52; engage:43; impact:33; committed to:22; stakeholder:21; integrity:21; commitment:21; continue to:20; resilience:14; foster:14; empower:12; wellbeing:10; inclusion:10; exploring:9,wbd.com,Communication Services
STT,State Street Corporation,1,main,STT__main_346.txt,28148,952,33.821,952.0,33.821,99,0,0.0,408,2.33,0.32,5.968,7.745,19.788,sustainable:286; inclusion:39; impact:38; ESG:37; resilience:33; engage:29; framework:29; material topics:27; continue to:25; significantly:23; ethics:22; commitment:21; enable:21; stakeholder:16; materiality:15,statestreet.com,Financials
WTW,Willis Towers Watson,2,data; main,WTW__data_427.txt; WTW__main_426.txt,30255,1023,33.813,1023.0,33.813,100,0,0.0,631,1.62,1.124,7.139,8.494,17.055,sustainable:201; sustainable X:72; impact:59; continue to:45; resilience:43; engage:39; inclusion:36; framework:35; significantly:28; commitment:24; stewardship:16; ethics:15; aligned with:15; enable:14; wellbeing:14,wtwco.com,Financials
BBY,Best Buy,1,main,BBY__main_57.txt,23058,779,33.784,779.0,33.784,107,0,0.0,280,2.78,1.691,6.939,8.587,16.567,responsible sourcing:89; sustainable:63; engage:55; inclusion:42; impact:41; belonging:35; continue to:32; commitment:29; ethics:23; stakeholder:18; enable:15; framework:13; leverage:12; transparency:12; committed to:12,corporate.bestbuy.com,Consumer Discretionary
NWSA,News Corp (Class A),1,main,NWSA__main_487.txt,20114,678,33.708,678.0,33.708,96,0,0.0,287,2.36,1.044,7.01,7.209,18.445,ESG:83; purpose:59; sustainable:52; engage:31; ethics:29; ESG strategy:23; continue to:22; impact:20; significantly:15; seek to:14; carbon footprint:13; aim to:11; innovation:11; net zero:11; commitment:10,newscorp.com,Communication Services
RCL,Royal Caribbean Group,1,main,RCL__main_500.txt,32781,1102,33.617,1102.0,33.617,124,0,0.0,584,1.89,2.684,5.796,10.402,14.734,sustainable:127; material topics:50; engage:50; innovation:46; ethics:46; impact:41; net zero:36; corporate citizenship:35; framework:29; stewardship:28; commitment:24; foster:24; stakeholder:24; significantly:21; optimise:20,rclinvestor.com,Consumer Discretionary
UNH,UnitedHealth Group,1,main,UNH__main_391.txt,25292,846,33.449,846.0,33.449,92,0,0.0,436,1.94,0.909,6.049,7.394,19.097,sustainable:170; responsible sourcing:99; engage:53; ethics:39; commitment:38; impact:29; net zero:24; inclusion:22; committed to:21; innovation:20; transparency:19; stakeholder:17; wellbeing:17; science-based:16; continue to:16,unitedhealthgroup.com,Health Care
GE,GE Aerospace,2,data; main,GE__data_188.txt; GE__main_187.txt,37197,1241,33.363,1241.0,33.363,111,0,0.0,579,2.14,1.102,6.721,10.619,14.921,sustainable:264; engage:69; stakeholder engagement:50; commitment:49; integrity:48; ethics:46; enable:38; innovation:36; framework:35; continue to:32; impact:31; net zero:31; significantly:23; stakeholder:21; wellbeing:19,geaerospace.com,Industrials
APD,Air Products,1,main,APD__main_13.txt,21311,710,33.316,710.0,33.316,81,0,0.0,238,2.98,0.375,6.522,9.948,16.47,sustainable:185; enable:39; framework:33; engage:33; ethics:21; decarbonisation:18; resilience:17; impact:16; commitment:16; continue to:14; innovation:14; transparency:13; where possible:12; aligned with:12; consistent with:11,airproducts.com,Materials
CPRT,Copart,1,main,CPRT__main_451.txt,6830,227,33.236,227.0,33.236,61,0,0.0,99,2.29,0.732,6.735,9.37,16.398,sustainable:25; material topics:16; integrity:15; ESG:15; engage:15; innovation:13; commitment:12; ethics:10; enable:8; impact:7; significantly:6; continue to:6; ESG strategy:5; substantially:5; stakeholder:3,copart.com,Industrials
OKE,Oneok,1,main,OKE__main_489.txt,30631,1018,33.234,1018.0,33.234,87,0,0.0,686,1.48,0.163,7.378,12.079,13.614,sustainable:167; stakeholder:164; engage:59; ESG:51; commitment:45; inclusion:34; integrity:32; continue to:31; ethics:28; significantly:24; innovation:23; committed to:20; impact:19; ESG strategy:18; aligned with:15,oneok.com,Energy
BLK,BlackRock,1,main,BLK__main_62.txt,21038,699,33.226,699.0,33.226,73,0,0.0,263,2.66,0.143,7.605,6.987,18.49,sustainable:179; impact:54; engage:42; stewardship:37; continue to:21; carbon footprint:20; low-carbon future:19; resilience:15; decarbonisation:15; seek to:13; commitment:13; focused on:13; enable:12; where possible:12; framework:12,blackrock.com,Financials
BAC,Bank of America,2,data; main,BAC__data_54.txt; BAC__main_53.txt,36249,1202,33.16,1202.0,33.16,98,0,0.0,578,2.08,0.359,6.29,7.255,19.256,sustainable:367; engage:60; impact:56; net zero:43; continue to:34; significantly:33; carbon offsets:31; framework:29; biodiversity:24; decarbonisation:22; responsible sourcing:22; mobilise:21; stakeholder:19; commitment:18; innovation:17,bankofamerica.com,Financials
ACGL,Arch Capital Group,2,data; main,ACGL__data_41.txt; ACGL__main_40.txt,17953,595,33.142,595.0,33.142,88,0,0.0,244,2.44,0.891,6.239,9.024,16.989,sustainable:201; engage:38; impact:23; resilience:16; commitment:15; continue to:14; framework:14; stakeholder:14; aligned with:14; enable:14; committed to:11; ethics:10; sustainable X:9; innovation:9; wellbeing:8,archgroup.com,Financials
KR,Kroger,1,main,KR__main_473.txt,38815,1283,33.054,1283.0,33.054,103,0,0.0,729,1.76,2.499,7.059,8.115,15.381,ESG:105; sustainable:96; engage:86; impact:82; people and planet:80; continue to:65; inclusion:35; aim to:32; ethics:32; over time:28; responsible sourcing:27; biodiversity:26; stakeholder:26; thrive:26; enable:26,thekrogerco.com,Consumer Staples
CI,Cigna,1,main,CI__main_88.txt,40257,1330,33.038,1330.0,33.038,105,0,0.0,743,1.79,0.646,6.036,8.967,17.388,impact:279; sustainable:111; engage:72; ethics:71; continue to:49; inclusion:42; commitment:42; transparency:41; framework:35; innovation:35; accountability:31; significantly:29; resilience:27; enable:24; focused on:23,thecignagroup.com,Health Care
CVS,CVS Health,1,data,CVS__data_118.txt,20656,682,33.017,682.0,33.017,90,0,0.0,506,1.35,0.436,5.471,9.053,18.058,impact:222; sustainable:44; engage:27; stakeholder:24; significantly:21; stakeholder engagement:21; commitment:19; net zero:18; resilience:18; human capital:14; continue to:14; framework:12; aligned with:10; committed to:10; decarbonisation:10,cvshealth.com,Health Care
CRWD,CrowdStrike,1,main,CRWD__main_115.txt,20224,666,32.931,666.0,32.931,91,0,0.0,93,7.16,1.187,4.153,15.724,11.867,resilience:109; sustainable:88; engage:46; impact:38; framework:36; ethics:27; innovation:16; continue to:16; wellbeing:15; focused on:10; stakeholder:10; social impact:9; integrity:9; robust:8; alignment:8,crowdstrike.com,Information Technology
CSGP,CoStar Group,1,main,CSGP__main_113.txt,17804,586,32.914,586.0,32.914,90,0,0.0,287,2.04,0.393,7.021,11.177,14.323,corporate citizenship:74; framework:74; impact:50; sustainable:38; engage:33; significantly:25; ethics:16; continue to:14; net zero:14; science-based:12; committed to:11; stakeholder:11; innovation:10; enable:9; commitment:8,costargroup.com,Real Estate
MRNA,Moderna,1,main,MRNA__main_269.txt,25809,849,32.896,849.0,32.896,107,0,0.0,472,1.8,1.55,7.865,8.64,14.84,ethics:121; sustainable:69; continue to:61; impact:59; engage:51; commitment:36; stakeholder:30; material topics:23; innovation:22; resilience:20; transparency:18; committed to:17; enable:16; wellbeing:15; integrity:14,modernatx.com,Health Care
CMS,CMS Energy,1,main,CMS__main_100.txt,9320,306,32.833,306.0,32.833,75,0,0.0,188,1.63,0.751,9.442,8.155,14.485,sustainable:47; commitment:23; inclusion:17; engage:16; committed to:12; stakeholder:12; significantly:9; net zero:8; belonging:8; continue to:8; impact:8; plan to:7; ethics:6; robust:5; innovation:5,cmsenergy.com,Utilities
SNDK,Sandisk,1,main,SNDK__main_326.txt,31474,1033,32.821,1033.0,32.821,119,0,0.0,242,4.27,0.921,5.37,9.246,17.284,sustainable:177; integrity:90; impact:52; engage:49; innovation:36; ethics:36; commitment:31; inclusion:29; enable:21; material topics:21; continue to:20; foster:20; stakeholder:19; significantly:17; transparency:17,sandisk.com,Information Technology
STE,Steris,2,data; main,STE__data_349.txt; STE__main_348.txt,7347,241,32.803,241.0,32.803,49,0,0.0,64,3.77,0.953,6.533,4.356,20.961,ethics:53; corporate citizenship:30; sustainable:28; ESG:17; commitment:11; innovation:7; engage:7; strive to:6; committed to:6; aligned with:5; inclusion:5; integrity:5; impact:4; continue to:4; seek to:3,steris.com,Health Care
EXPE,Expedia Group,1,main,EXPE__main_168.txt,22393,734,32.778,734.0,32.778,99,0,0.0,173,4.24,0.759,7.056,10.628,14.335,sustainable:91; engage:55; impact:49; commitment:32; resilience:28; ethics:24; committed to:22; inclusion:21; stakeholder:20; climate action:20; continue to:15; aligned with:15; transparency:14; ecosystem:14; responsible sourcing:13,expediagroup.com,Consumer Discretionary
BR,Broadridge Financial Solutions,1,main,BR__main_70.txt,3175,104,32.756,104.0,32.756,30,0,0.0,92,1.13,0.0,4.409,6.929,21.417,sustainable:32; ethics:14; engage:11; net zero:7; science-based:4; stakeholder:3; stewardship:3; continue to:2; plan to:2; in line with:2; resilience:2; committed to:2; decarbonisation:2; environmental footprint:2; exploring:1,broadridge.com,Industrials
BEN,Franklin Resources,1,main,BEN__main_440.txt,21046,689,32.738,689.0,32.738,85,0,0.0,204,3.38,1.045,4.656,6.605,20.431,sustainable:133; inclusion:101; stewardship:78; engage:38; ethics:34; impact:21; commitment:18; continue to:16; stakeholder:16; ESG:14; framework:13; significantly:12; aligned with:11; accountability:10; purpose:7,franklintempleton.com/corporate,Financials
BALL,Ball Corporation,2,data; main,BALL__data_52.txt; BALL__main_51.txt,27217,891,32.737,891.0,32.737,112,0,0.0,817,1.09,1.359,7.312,8.745,15.321,sustainable:146; innovation:41; engage:35; inclusion:33; commitment:32; continue to:31; impact:31; ethics:29; enable:26; significantly:25; circular economy:24; aligned with:24; wellbeing:19; over time:16; committed to:14,ball.com,Materials
FISV,Fiserv,2,data; main,FISV__data_179.txt; FISV__main_178.txt,28312,924,32.636,924.0,32.636,84,0,0.0,262,3.53,0.247,6.782,10.914,14.693,sustainable:166; engage:92; impact:56; stakeholder:55; ethics:52; framework:40; continue to:36; wellbeing:32; responsible sourcing:27; materiality:24; aligned with:21; enable:19; resilience:19; commitment:17; as appropriate:16,,Financials
EW,Edwards Lifesciences,2,data; main,EW__data_150.txt; EW__main_149.txt,20898,680,32.539,680.0,32.539,96,0,0.0,334,2.04,0.67,7.656,10.432,13.781,impact:105; ethics:66; engage:47; innovation:46; continue to:26; sustainable:21; stakeholder:20; significantly:18; enable:17; focused on:15; wellbeing:14; commitment:13; aim to:11; committed to:11; ESG:11,edwards.com,Health Care
ABT,Abbott Laboratories,1,main,ABT__main_2.txt,38625,1254,32.466,1254.0,32.466,93,0,0.0,854,1.47,0.595,5.333,7.871,18.667,sustainable:306; ethics:153; impact:68; engage:60; resilience:51; innovation:50; stewardship:38; commitment:35; continue to:32; wellbeing:25; material topics:25; stakeholder:22; committed to:21; significantly:16; transparency:14,abbott.com,Health Care
NVDA,Nvidia,1,main,NVDA__main_486.txt,15394,499,32.415,499.0,32.415,80,0,0.0,64,7.8,0.455,5.522,9.159,17.279,sustainable:133; inclusion:50; accelerate:22; engage:21; enable:18; impact:17; responsible sourcing:16; continue to:15; ethics:12; framework:12; innovation:11; stakeholder:9; commitment:9; aim to:9; committed to:7,nvidia.com,Information Technology
DIS,Walt Disney Company (The),1,main,DIS__main_456.txt,22894,742,32.41,742.0,32.41,94,0,0.0,332,2.23,0.568,6.246,9.741,15.856,sustainable:130; framework:69; engage:46; integrity:26; commitment:26; inclusion:26; ethics:25; impact:24; continue to:23; biodiversity:22; wellbeing:22; accountability:16; resilience:16; committed to:14; social impact:12,thewaltdisneycompany.com,Communication Services
PEP,PepsiCo,2,data; main,PEP__data_297.txt; PEP__main_296.txt,5248,170,32.393,170.0,32.393,54,0,0.0,113,1.5,0.762,8.384,5.526,17.721,ESG:38; sustainable:14; aim to:14; continue to:8; resilience:7; net zero:6; decarbonisation:6; regenerative:6; strive to:5; innovation:4; impact:4; work towards:3; science-based:3; biodiversity:3; engage:3,pepsico.com,Consumer Staples
SWKS,Skyworks Solutions,1,main,SWKS__main_335.txt,9540,309,32.39,309.0,32.39,59,0,0.0,172,1.8,0.629,6.499,8.386,16.876,sustainable:125; commitment:18; engage:17; ethics:14; stakeholder:7; enable:7; committed to:7; impact:6; foster:6; alignment:6; continue to:6; accountability:4; robust:4; innovation:4; dedicated to:4,skyworksinc.com,Information Technology
PH,Parker Hannifin,1,main,PH__main_292.txt,13521,436,32.246,436.0,32.246,82,0,0.0,51,8.55,1.627,6.065,11.612,12.943,sustainable:70; engage:37; commitment:23; enable:20; purpose:17; impact:15; inclusion:13; a brighter future:11; ethics:11; innovation:11; framework:11; leverage:10; integrity:9; significantly:9; stakeholder:9,parker.com,Industrials
YUM,Yum! Brands,1,main,YUM__main_431.txt,11882,383,32.234,383.0,32.234,77,0,0.0,249,1.54,0.505,10.941,6.312,14.476,sustainable:69; impact:22; commitment:17; continue to:15; committed to:15; significantly:15; engage:14; transparency:14; circular economy:12; consistent with:10; belonging:9; materiality:9; stakeholder:7; responsible sourcing:7; remain committed:7,yum.com,Consumer Discretionary
EXE,Expand Energy,2,data; main,EXE__data_167.txt; EXE__main_166.txt,35437,1139,32.142,1139.0,32.142,100,0,0.0,342,3.33,0.564,4.882,8.663,18.032,sustainable:202; engage:104; ethics:66; integrity:62; biodiversity:53; accountability:49; impact:40; stakeholder:39; commitment:38; ESG:35; significantly:29; wellbeing:23; stewardship:23; transparency:23; framework:18,expandenergy.com,Energy
AVGO,Broadcom,1,main,AVGO__main_438.txt,21192,681,32.135,681.0,32.135,83,0,0.0,304,2.24,1.227,5.946,8.918,16.044,corporate citizenship:187; ethics:57; engage:46; innovation:31; continue to:25; impact:21; stakeholder:21; commitment:18; significantly:13; framework:13; strive to:13; enable:13; sustainable:12; committed to:11; empower:10,broadcom.com,Information Technology
VEEV,Veeva Systems,1,main,VEEV__main_394.txt,3645,117,32.099,117.0,32.099,37,0,0.0,24,4.88,3.018,12.62,11.797,4.664,continue to:14; purpose:13; innovation:10; stakeholder:8; significantly:8; enable:7; commitment:6; committed to:5; accelerate:3; impact:3; doing the right thing:3; leverage:2; alignment:2; over time:2; end-to-end:2,veeva.com,Health Care
HSY,Hershey Company (The),1,main,HSY__main_467.txt,31040,994,32.023,994.0,32.023,111,0,0.0,742,1.34,1.192,8.022,7.635,15.174,responsible sourcing:192; sustainable:74; continue to:68; impact:48; engage:42; resilience:37; commitment:36; wellbeing:30; biodiversity:26; enable:20; focused on:18; materiality:17; stakeholder:16; significantly:15; best practice:13,thehersheycompany.com,Consumer Staples
DVA,DaVita,1,main,DVA__main_122.txt,16004,510,31.867,510.0,31.867,93,0,0.0,245,2.08,1.937,8.873,8.06,12.997,engage:37; commitment:34; impact:28; corporate citizenship:27; continue to:25; belonging:24; sustainable:20; ESG:16; science-based:15; framework:12; accountability:11; empower:10; stewardship:10; committed to:9; purpose:8,davita.com,Health Care
FIX,Comfort Systems USA,1,main,FIX__main_106.txt,15141,482,31.834,482.0,31.834,64,0,0.0,251,1.92,0.462,5.746,4.953,20.672,sustainable:189; impact:23; inclusion:19; commitment:18; resilience:12; stakeholder:11; continue to:10; material topics:10; innovation:9; enable:9; decarbonisation:9; aligned with:8; ethics:8; significantly:8; engage:7,comfortsystemsusa.com,Industrials
KKR,KKR & Co.,1,main,KKR__main_238.txt,14829,472,31.83,472.0,31.83,76,0,0.0,127,3.72,0.337,8.362,9.104,14.027,sustainable:81; ethics:50; aim to:25; engage:24; seek to:19; impact:15; framework:14; commitment:14; human capital:13; foster:11; corporate citizenship:10; enable:10; committed to:9; stakeholder:9; integrity:9,kkr.com,Financials
NCLH,Norwegian Cruise Line Holdings,1,main,NCLH__main_286.txt,24680,778,31.524,778.0,31.524,101,0,0.0,233,3.34,0.851,6.929,9.562,14.182,sustainable:79; accountability:72; engage:44; impact:44; biodiversity:25; stakeholder:23; ethics:22; continue to:22; innovation:21; decarbonisation:19; committed to:19; significantly:19; empower:17; commitment:17; framework:15,nclhltd.com,Consumer Discretionary
CB,Chubb Limited,1,main,CB__main_85.txt,10004,315,31.487,315.0,31.487,68,0,0.0,74,4.26,0.6,6.797,14.594,9.496,resilience:47; engage:40; sustainable:37; ecosystem:19; impact:11; framework:11; continue to:10; materiality:9; biodiversity:9; focused on:8; seek to:7; significantly:6; innovation:5; inclusion:5; best practice:5,chubb.com,Financials
CCI,Crown Castle,1,main,CCI__main_444.txt,7003,220,31.415,220.0,31.415,53,0,0.0,156,1.41,0.428,6.14,7.425,17.421,sustainable:77; materiality:11; stakeholder:9; engage:9; expect to:9; impact:8; resilience:7; continue to:5; carbon neutral:5; aligned with:5; framework:4; significantly:4; foster:4; aim to:3; commitment:3,crowncastle.com,Real Estate
TDG,TransDigm Group,1,main,TDG__main_377.txt,13693,430,31.403,430.0,31.403,76,0,0.0,354,1.21,1.388,10.078,10.808,9.129,stakeholder:54; commitment:39; ethics:29; continue to:24; sustainable:23; corporate citizenship:16; foster:16; committed to:15; responsible sourcing:14; innovation:14; engage:14; significantly:11; impact:10; framework:8; contribute to:7,transdigm.com,Industrials
LLY,Lilly (Eli),1,main,LLY__main_244.txt,14281,448,31.37,448.0,31.37,75,0,0.0,184,2.43,0.49,4.972,10.083,15.825,sustainable:67; impact:36; engage:29; ethics:25; innovation:19; inclusion:19; framework:16; enable:15; continue to:13; transparency:11; purpose:11; significantly:11; embed:9; wellbeing:9; foster:8,lilly.com,Health Care
REGN,Regeneron Pharmaceuticals,2,data; main,REGN__data_314.txt; REGN__main_313.txt,28445,892,31.359,892.0,31.359,109,0,0.0,695,1.28,3.973,6.539,10.23,10.617,people and planet:82; impact:51; engage:50; innovation:46; continue to:45; sustainable:44; ethics:38; material topics:34; corporate citizenship:21; aim to:18; ecosystem:18; looking ahead:17; integrity:16; commitment:16; stakeholder:16,regeneron.com,Health Care
JBHT,J.B. Hunt,1,main,JBHT__main_224.txt,15043,470,31.244,470.0,31.244,82,0,0.0,326,1.44,0.731,6.116,6.98,17.417,sustainable:138; ESG strategy:38; commitment:22; significantly:19; impact:14; ethics:14; innovation:10; culture of X:10; continue to:9; stakeholder engagement:8; embed:7; foster:7; empower:6; engage:6; decarbonisation:6,jbhunt.com,Industrials
IFF,International Flavors & Fragrances,1,main,IFF__main_216.txt,53228,1663,31.243,1663.0,31.243,131,0,0.0,703,2.37,0.582,4.847,8.943,16.871,sustainable:286; impact:100; innovation:84; engage:72; biodiversity:70; sustainable X:64; responsible sourcing:54; ecosystem:48; ethics:44; commitment:38; material topics:32; inclusion:31; stakeholder:31; materiality:30; significantly:29,iff.com,Materials
APA,APA Corporation,1,main,APA__main_36.txt,5609,175,31.2,175.0,31.2,48,0,0.0,146,1.2,0.535,7.488,7.666,15.511,sustainable:44; engage:12; stewardship:12; commitment:11; stakeholder:7; wellbeing:7; continue to:5; significantly:4; enable:4; accountability:4; embed:3; strive to:3; biodiversity:3; committed to:3; accelerate:3,apacorp.com,Energy
COP,ConocoPhillips,1,main,COP__main_107.txt,27665,863,31.195,863.0,31.195,92,0,0.0,475,1.82,0.398,6.506,10.483,13.808,sustainable:176; engage:73; stakeholder:51; framework:35; ethics:34; impact:28; continue to:26; biodiversity:22; net zero:21; commitment:18; aligned with:17; focused on:15; significantly:14; ecosystem:14; transparency:13,conocophillips.com,Energy
MET,MetLife,2,data; main,MET__data_267.txt; MET__main_266.txt,40174,1250,31.115,1250.0,31.115,113,0,0.0,506,2.47,0.797,5.377,9.359,15.582,sustainable:214; engage:73; impact:67; wellbeing:51; ethics:49; inclusion:37; resilience:34; stakeholder:33; framework:30; innovation:30; enable:26; continue to:25; commitment:22; purpose:21; empower:21,metlife.com,Financials
BNY,BNY Mellon,1,main,BNY__main_65.txt,7862,244,31.035,244.0,31.035,51,0,0.0,94,2.6,0.127,8.776,7.759,14.373,sustainable:50; impact:22; continue to:20; framework:17; in line with:13; materiality:7; resilience:6; engage:6; carbon offsets:6; commitment:6; disruptive:6; carbon neutral:6; accountability:5; enable:5; significantly:4,bny.com,Financials
FE,FirstEnergy,1,main,FE__main_177.txt,20026,620,30.96,620.0,30.96,91,0,0.0,205,3.02,0.949,7.241,8.789,13.982,impact:93; engage:43; ethics:29; commitment:29; corporate citizenship:27; continue to:23; integrity:23; enable:21; stakeholder:21; energy transition:20; significantly:15; sustainable:14; transparency:13; aligned with:13; accountability:12,firstenergycorp.com,Utilities
PWR,Quanta Services,1,main,PWR__main_499.txt,34553,1069,30.938,1069.0,30.938,107,0,0.0,485,2.2,1.331,6.367,8.451,14.789,sustainable:190; commitment:67; impact:49; inclusion:48; ethics:43; significantly:36; enable:35; engage:32; stakeholder:32; circular economy:31; culture of X:28; elevate:26; integrity:26; energy transition:24; continue to:19,quantaservices.com,Industrials
VRT,Vertiv,1,main,VRT__main_403.txt,17433,539,30.918,539.0,30.918,73,0,0.0,163,3.31,0.287,7.228,9.522,13.882,responsible sourcing:93; integrity:77; engage:25; resilience:23; continue to:21; aligned with:20; enable:18; framework:17; where possible:13; focused on:12; inclusion:12; impact:11; stakeholder:11; scalable:9; alignment:9,vertiv.com,Industrials
MTB,M&T Bank,1,main,MTB__main_252.txt,42247,1300,30.771,1300.0,30.771,119,0,0.0,582,2.23,3.172,6.32,10.131,11.149,sustainable:244; people and planet:101; engage:87; framework:65; resilience:54; impact:48; commitment:47; ethics:32; stakeholder:31; aim to:27; continue to:27; foster:24; focused on:22; purpose:20; empower:17,mtb.com,Financials
SMCI,Supermicro,1,main,SMCI__main_352.txt,12165,374,30.744,374.0,30.744,70,0,0.0,79,4.73,0.658,5.59,10.358,14.139,sustainable:64; innovation:34; impact:26; ethics:20; optimise:16; engage:15; ESG:13; significantly:11; continue to:10; resilience:8; responsible sourcing:8; enable:8; stakeholder:7; low-carbon future:7; commitment:7,supermicro.com,Information Technology
EXPD,Expeditors International,1,main,EXPD__main_169.txt,13894,427,30.733,427.0,30.733,77,0,0.0,127,3.36,1.08,6.262,8.205,15.186,sustainable:126; impact:26; continue to:24; engage:23; ethics:20; commitment:13; elevate:9; framework:8; significantly:8; enable:8; integrity:7; resilience:7; pillar:6; leverage:6; committed to:6,expeditors.com,Industrials
ODFL,Old Dominion,1,main,ODFL__main_488.txt,10173,310,30.473,310.0,30.473,64,0,0.0,173,1.79,1.474,7.176,5.8,16.023,sustainable:86; sustainable X:28; significantly:16; commitment:15; engage:14; continue to:13; innovation:10; wellbeing:9; ethics:8; foster:8; optimise:5; committed to:5; inclusion:5; impact:5; contribute to:4,odfl.com,Industrials
XOM,ExxonMobil,1,main,XOM__main_171.txt,35802,1090,30.445,1090.0,30.445,103,0,0.0,390,2.79,0.838,5.726,7.849,16.033,sustainable:252; purpose:82; engage:62; biodiversity:51; framework:28; ecosystem:26; enable:26; commitment:23; impact:23; aim to:23; integrity:22; continue to:19; sustainable X:19; contribute to:18; stakeholder:18,corporate.exxonmobil.com,Energy
SYK,Stryker Corporation,2,data; main,SYK__data_351.txt; SYK__main_350.txt,15048,456,30.303,456.0,30.303,89,0,0.0,393,1.16,0.997,7.177,9.37,12.759,ethics:33; engage:33; impact:30; sustainable:28; innovation:24; continue to:18; integrity:16; commitment:16; corporate citizenship:15; enable:14; inclusion:11; committed to:10; aligned with:9; focused on:9; foster:8,stryker.com,Health Care
DUK,Duke Energy,1,main,DUK__main_142.txt,22966,693,30.175,693.0,30.175,90,0,0.0,345,2.01,0.958,9.362,10.973,8.883,impact:70; continue to:50; integrity:49; looking ahead:46; engage:37; innovation:32; resilience:28; stakeholder:28; sustainable:23; enable:22; ethics:22; commitment:17; significantly:16; plan to:12; optimise:12,duke-energy.com,Utilities
AMZN,Amazon,2,data; main,AMZN__data_25.txt; AMZN__main_24.txt,37292,1125,30.167,1125.0,30.167,104,0,0.0,708,1.59,0.536,5.229,8.42,15.982,sustainable:170; biodiversity:92; responsible sourcing:91; enable:50; circular economy:49; engage:47; innovation:40; commitment:35; continue to:32; decarbonisation:29; impact:24; framework:23; ethics:22; accelerate:21; transparency:18,amazon.com,Consumer Discretionary
MAS,Masco,1,main,MAS__main_256.txt,7652,230,30.058,230.0,30.058,57,0,0.0,222,1.04,0.915,7.318,10.063,11.762,sustainable:36; ethics:16; innovation:12; impact:12; enable:8; commitment:7; committed to:7; continue to:7; significantly:7; agile:6; leverage:6; framework:6; stakeholder engagement:6; focused on:5; materiality:5,masco.com,Industrials
BIIB,Biogen,2,data; main,BIIB__data_61.txt; BIIB__main_60.txt,23740,713,30.034,713.0,30.034,101,0,0.0,393,1.81,1.222,6.529,8.467,13.816,impact:95; corporate citizenship:83; sustainable:53; engage:40; continue to:29; commitment:22; innovation:22; significantly:19; enable:16; inclusion:15; ethics:12; foster:12; stakeholder:11; contribute to:11; aim to:11,biogen.com,Health Care
WFC,Wells Fargo,2,data; main,WFC__data_418.txt; WFC__main_417.txt,1499,45,30.02,45.0,30.02,9,0,0.0,55,0.82,0.0,3.336,2.668,24.016,sustainable:27; purpose:4; engage:4; carbon offsets:3; where possible:2; commitment:2; impact:1; aspiration:1; integrity:1,wellsfargo.com,Financials
MCO,Moody's Corporation,1,data,MCO__data_479.txt,2571,76,29.56,76.0,29.56,28,0,0.0,25,3.04,0.0,7.001,3.501,19.059,sustainable:13; science-based:9; net zero:6; decarbonisation:6; carbon offsets:5; commitment:4; purpose:4; continue to:3; alignment:2; where possible:2; accelerate:2; intend to:2; impact:2; engage:2; sustainable X:1,moodys.com,Financials
NDSN,Nordson Corporation,1,main,NDSN__main_282.txt,3330,98,29.429,98.0,29.429,37,0,0.0,110,0.89,1.502,7.508,8.709,11.712,corporate citizenship:15; innovation:10; continue to:8; commitment:5; engage:4; inclusion:4; impact:4; empower:3; foster:3; wellbeing:3; integrity:3; focused on:3; net zero:2; ESG:2; carbon offsets:2,nordson.com,Industrials
LUV,Southwest Airlines,1,main,LUV__main_342.txt,52698,1547,29.356,1547.0,29.356,139,0,0.0,1026,1.51,1.461,7.002,10.247,10.646,framework:128; impact:112; sustainable:97; engage:79; significantly:47; ethics:43; continue to:41; commitment:41; ESG:41; net zero:38; inclusion:35; enable:35; foster:32; stakeholder:31; belonging:29,southwest.com,Industrials
KMB,Kimberly-Clark,2,data; main,KMB__data_235.txt; KMB__main_234.txt,29341,860,29.311,860.0,29.311,89,0,0.0,374,2.3,0.716,6.373,8.418,13.803,sustainable:166; impact:40; purpose:36; engage:33; framework:32; resilience:28; continue to:27; commitment:26; stakeholder:25; alignment:25; biodiversity:21; innovation:21; stewardship:20; aligned with:19; significantly:18,kimberly-clark.com,Consumer Staples
FCX,Freeport-McMoRan,1,main,FCX__main_184.txt,64887,1899,29.266,1899.0,29.266,120,0,0.0,901,2.11,0.277,9.324,9.755,9.91,sustainable:188; engage:114; stakeholder:84; commitment:77; significantly:76; impact:69; biodiversity:59; innovation:52; continue to:47; resilience:45; stewardship:44; committed to:44; seek to:36; contribute to:36; aim to:36,fcx.com,Materials
JNJ,Johnson & Johnson,1,main,JNJ__main_229.txt,19377,566,29.21,566.0,29.21,92,0,0.0,506,1.12,1.239,5.574,11.973,10.425,innovation:70; enable:32; impact:31; continue to:30; wellbeing:24; engage:24; stewardship:20; accountability:18; inclusion:17; sustainable:17; significantly:17; ethics:15; resilience:13; commitment:10; aim to:10,jnj.com,Health Care
VRSK,Verisk Analytics,2,data; main,VRSK__data_398.txt; VRSK__main_397.txt,17470,510,29.193,510.0,29.193,82,0,0.0,226,2.26,0.973,5.094,9.731,13.394,corporate citizenship:52; impact:46; resilience:45; sustainable:39; engage:29; commitment:23; continue to:21; stakeholder:19; significantly:13; ethics:13; framework:12; purpose:12; empower:9; responsible sourcing:9; leverage:9,verisk.com,Industrials
D,Dominion Energy,2,data; main,D__data_133.txt; D__main_132.txt,18946,550,29.03,550.0,29.03,86,0,0.0,381,1.44,0.95,5.437,8.339,14.304,sustainable:106; engage:45; corporate citizenship:44; ethics:27; innovation:25; net zero:20; stakeholder:17; just transition:15; continue to:15; significantly:14; commitment:13; enable:11; foster:9; inclusion:9; committed to:9,dominionenergy.com,Utilities
DAL,Delta Air Lines,1,main,DAL__main_454.txt,16782,487,29.019,487.0,29.019,92,0,0.0,273,1.78,1.668,7.687,9.713,9.951,sustainable:40; engage:37; continue to:28; commitment:19; enable:18; ethics:16; net zero:15; committed to:15; significantly:14; impact:13; innovation:11; safety culture:11; stakeholder:10; leverage:9; framework:9,delta.com,Industrials
GOOGL,Alphabet Inc. (Class A),1,main,GOOGL__main_22.txt,57424,1664,28.977,1664.0,28.977,122,0,0.0,1051,1.58,1.306,4.441,11.807,11.424,impact:267; sustainable:131; enable:109; engage:84; accelerate:81; innovation:73; resilience:52; decarbonisation:50; continue to:40; ecosystem:39; optimise:39; significantly:36; framework:35; carbon footprint:34; net zero:26,abc.xyz,Communication Services
AXP,American Express,1,main,AXP__main_439.txt,12946,375,28.966,375.0,28.966,58,0,0.0,266,1.41,0.077,5.253,5.639,17.998,sustainable:117; ethics:26; engage:23; net zero:19; framework:15; carbon offsets:13; continue to:11; commitment:10; science-based:9; aim to:9; wellbeing:7; stakeholder:6; stakeholder engagement:5; impact:5; committed to:5,americanexpress.com,Financials
HWM,Howmet Aerospace,1,main,HWM__main_206.txt,25096,723,28.809,723.0,28.809,96,0,0.0,485,1.49,0.279,6.854,8.408,13.269,sustainable:60; ESG:44; significantly:43; engage:32; biodiversity:32; ethics:31; stakeholder:29; impact:26; continue to:24; commitment:24; enable:23; integrity:21; circular economy:16; ESG strategy:14; transparency:14,howmet.com,Industrials
SJM,J.M. Smucker Company (The),1,main,SJM__main_336.txt,15124,432,28.564,432.0,28.564,70,0,0.0,221,1.95,1.124,7.141,5.29,15.009,impact:90; commitment:38; sustainable:35; engage:25; continue to:20; corporate citizenship:19; ethics:17; thrive:15; responsible sourcing:10; cultivate:8; stakeholder:7; resilience:6; committed to:6; purpose:6; nurture:6,jmsmucker.com,Consumer Staples
WMB,Williams Companies,2,data; main,WMB__data_425.txt; WMB__main_424.txt,61807,1753,28.362,1753.0,28.362,127,0,0.0,1123,1.56,0.469,6.067,9.093,12.733,sustainable:251; engage:124; stakeholder:108; integrity:78; commitment:76; materiality:74; continue to:65; ESG:56; ethics:54; innovation:43; enable:43; biodiversity:40; impact:39; aligned with:33; significantly:31,williams.com,Energy
URI,United Rentals,1,main,URI__main_390.txt,21234,602,28.351,602.0,28.351,98,0,0.0,398,1.51,1.083,6.358,9.607,11.303,sustainable:72; impact:50; engage:34; commitment:24; stakeholder:22; enable:22; wellbeing:21; aspiration:19; corporate citizenship:18; ethics:18; innovation:16; significantly:15; empower:14; continue to:13; integrity:12,unitedrentals.com,Industrials
DRI,Darden Restaurants,1,main,DRI__main_121.txt,17464,494,28.287,494.0,28.287,83,0,0.0,174,2.84,4.581,7.616,8.016,8.074,people and planet:69; sustainable:38; engage:32; commitment:27; continue to:25; impact:24; ethics:22; stakeholder:16; consistent with:13; resilience:11; enable:11; focused on:10; committed to:9; inclusion:9; integrity:9,darden.com,Consumer Discretionary
SYF,Synchrony Financial,1,main,SYF__main_353.txt,4528,128,28.269,128.0,28.269,40,0,0.0,31,4.13,0.442,7.067,12.588,8.171,sustainable:16; framework:15; continue to:11; resilience:9; impact:7; corporate citizenship:7; engage:5; stakeholder:5; enable:4; innovation:4; disruptive:4; looking ahead:3; focused on:3; cross-functional:2; seek to:2,synchrony.com,Financials
LII,Lennox International,1,main,LII__main_243.txt,14931,422,28.263,422.0,28.263,73,0,0.0,179,2.36,0.402,6.831,8.238,12.792,sustainable:86; impact:36; engage:27; commitment:20; innovation:18; ethics:15; continue to:14; significantly:10; committed to:10; stakeholder:9; aligned with:8; integrity:8; enable:7; focused on:7; leverage:6,lennox.com,Industrials
TRV,Travelers Companies (The),2,data; main,TRV__data_379.txt; TRV__main_378.txt,82609,2316,28.036,2316.0,28.036,133,0,0.0,1146,2.02,1.211,5.859,12.48,8.486,sustainable:360; key driver:217; innovation:169; engage:117; impact:86; continue to:73; ethics:71; resilience:60; leverage:59; significantly:58; over time:55; enable:52; framework:47; commitment:38; focused on:30,travelers.com,Financials
AWK,American Water Works,1,main,AWK__main_30.txt,31944,895,28.018,895.0,28.018,100,0,0.0,266,3.36,0.501,6.637,10.174,10.706,sustainable:105; engage:54; resilience:50; ethics:42; wellbeing:37; stakeholder:34; continue to:32; commitment:31; impact:26; biodiversity:26; significantly:23; framework:22; leverage:19; material topics:15; aligned with:15,amwater.com,Utilities
VMRK,Vivmark Residential,1,main,VMRK__main_506.txt,34018,952,27.985,952.0,27.985,108,0,0.0,552,1.72,0.529,5.585,7.378,14.492,corporate citizenship:118; sustainable:104; impact:51; engage:50; continue to:38; stakeholder:32; ethics:30; commitment:26; inclusion:24; biodiversity:23; resilience:22; decarbonisation:21; materiality:16; aligned with:15; sustainable X:15,vivmarkresidential.com,Real Estate
EG,Everest Group,1,main,EG__main_163.txt,23848,667,27.969,667.0,27.969,85,0,0.0,361,1.85,0.252,4.487,6.332,16.899,corporate citizenship:127; sustainable:57; ethics:39; engage:32; impact:30; inclusion:26; ESG:25; stakeholder:22; framework:16; committed to:14; commitment:13; belonging:12; accountability:12; transparency:12; integrity:11,everestglobal.com,Financials
MLM,Martin Marietta Materials,1,main,MLM__main_254.txt,37949,1061,27.959,1061.0,27.959,108,0,0.0,705,1.5,1.871,6.272,5.007,14.809,sustainable:246; continue to:61; stewardship:54; ethics:53; engage:43; wellbeing:42; significantly:42; commitment:41; world-class:34; impact:32; net zero:27; safety culture:24; committed to:17; roadmap:16; inclusion:11,martinmarietta.com,Materials
PCG,PG&E Corporation,1,main,PCG__main_299.txt,44207,1235,27.937,1235.0,27.937,117,0,0.0,1034,1.19,0.769,6.289,8.551,12.328,sustainable:230; engage:79; enable:67; continue to:65; resilience:62; commitment:50; ethics:47; innovation:36; inclusion:33; materiality:30; belonging:27; material topics:25; significantly:24; committed to:22; stakeholder:21,pgecorp.com,Utilities
VZ,Verizon,2,data; main,VZ__data_400.txt; VZ__main_399.txt,17775,495,27.848,495.0,27.848,64,0,0.0,132,3.75,0.169,5.795,10.577,11.308,responsible sourcing:55; resilience:43; impact:40; framework:28; engage:25; ethics:23; significantly:21; transparency:14; enable:13; sustainable:13; commitment:12; committed to:11; robust:11; stakeholder:10; expect to:10,verizon.com,Communication Services
ALGN,Align Technology,1,main,ALGN__main_18.txt,6034,167,27.676,167.0,27.676,54,0,0.0,38,4.39,0.166,9.944,6.795,10.772,ethics:14; sustainable:13; commitment:11; committed to:9; continue to:6; integrity:6; impact:6; wellbeing:5; engage:5; focused on:5; inclusion:5; stakeholder:4; foster:4; contribute to:4; accountability:4,aligntech.com,Health Care
TAP,Molson Coors Beverage Company,1,main,TAP__main_503.txt,11430,316,27.647,316.0,27.647,76,0,0.0,179,1.77,3.15,7.174,6.999,10.324,sustainable:35; accountability:22; people-first:22; engage:21; commitment:13; impact:9; continue to:9; innovation:9; focused on:8; wellbeing:8; significantly:7; stewardship:6; aim to:6; committed to:6; thrive:5,molsoncoors.com,Consumer Staples
MSCI,MSCI,1,data,MSCI__data_482.txt,1968,54,27.439,54.0,27.439,26,0,0.0,20,2.7,0.0,5.081,10.163,12.195,engage:10; framework:5; integrity:5; ESG:4; corporate citizenship:3; inclusion:3; sustainable:2; transparency:2; intend to:2; committed to:2; significantly:1; expect to:1; aspiration:1; strive to:1; aim to:1,msci.com,Financials
LEN,Lennar,1,main,LEN__main_475.txt,6345,174,27.423,174.0,27.423,48,0,0.0,32,5.44,1.576,5.831,8.353,11.663,sustainable:24; inclusion:12; enable:11; focused on:10; innovation:8; impact:8; ethics:8; commitment:7; foster:6; engage:5; next-generation:5; state-of-the-art:4; continue to:4; committed to:4; wellbeing:4,lennar.com,Consumer Discretionary
AFL,Aflac,1,main,AFL__main_11.txt,37623,1029,27.35,1029.0,27.35,116,0,0.0,706,1.46,1.356,6.14,7.203,12.652,sustainable:304; engage:60; commitment:53; continue to:49; ethics:37; impact:32; framework:28; human capital:28; enable:19; innovation:18; significantly:15; empower:15; committed to:14; contribute to:14; strive to:14,aflac.com,Financials
AAPL,Apple Inc.,1,main,AAPL__main_37.txt,45778,1247,27.24,1247.0,27.24,113,0,0.0,942,1.32,0.524,5.133,10.07,11.512,impact:207; engage:172; sustainable:75; innovation:63; carbon footprint:42; framework:40; enable:38; continue to:37; commitment:35; carbon neutral:30; carbon offsets:24; aim to:23; stewardship:20; decarbonisation:19; committed to:19,apple.com,Information Technology
RTX,RTX Corporation,1,main,RTX__main_310.txt,9317,253,27.155,253.0,27.155,65,0,0.0,138,1.83,3.864,5.152,8.586,9.552,transformative:27; sustainable:24; responsible sourcing:20; commitment:13; ethics:13; impact:13; engage:11; innovation:9; resilience:8; framework:8; enable:7; accountability:6; exploring:5; integrity:5; continue to:5,rtx.com,Industrials
TXT,Textron,1,main,TXT__main_373.txt,10834,294,27.137,294.0,27.137,65,0,0.0,246,1.2,0.923,6.184,6.184,13.845,corporate citizenship:41; ethics:29; sustainable:24; commitment:22; engage:15; wellbeing:14; innovation:11; enable:9; committed to:8; accountability:7; integrity:7; impact:7; inclusion:7; focused on:6; continue to:6,textron.com,Industrials
ABNB,Airbnb,1,data,ABNB__data_14.txt,4906,133,27.11,133.0,27.11,44,0,0.0,39,3.41,0.408,7.949,6.726,12.026,ethics:19; stakeholder:14; commitment:11; committed to:10; inclusion:8; sustainable:7; transparency:5; belonging:5; engage:4; ESG:3; expect to:3; purpose:3; looking ahead:2; significantly:2; substantially:2,airbnb.com,Consumer Discretionary
CAH,Cardinal Health,1,main,CAH__main_442.txt,49027,1322,26.965,1322.0,26.965,108,0,0.0,498,2.65,0.408,4.304,6.894,15.359,ESG:217; ethics:189; sustainable:106; engage:70; significantly:46; impact:46; empower:38; innovation:33; wellbeing:31; create value:31; inclusion:27; science-based:21; aligned with:20; continue to:19; stakeholder:17,cardinalhealth.com,Health Care
AEE,Ameren,1,main,AEE__main_27.txt,7978,215,26.949,215.0,26.949,47,0,0.0,207,1.04,0.376,4.512,6.518,15.543,impact:52; sustainable:44; resilience:14; stewardship:12; empower:10; commitment:10; engage:5; continue to:5; focused on:5; enable:4; plan to:3; stakeholder:3; framework:3; thrive:3; elevate:3,amereninvestors.com,Utilities
DG,Dollar General,1,main,DG__main_130.txt,10745,288,26.803,288.0,26.803,71,0,0.0,156,1.85,1.675,6.701,6.329,12.099,sustainable:70; engage:19; continue to:16; impact:11; ethics:10; commitment:10; committed to:9; optimise:8; wellbeing:8; significantly:8; exploring:6; integrity:5; expect to:4; best practice:4; ecosystem:4,dollargeneral.com,Consumer Staples
DVN,Devon Energy,1,main,DVN__main_126.txt,44974,1201,26.704,1201.0,26.704,110,0,0.0,708,1.7,0.645,6.092,8.294,11.673,sustainable:184; engage:82; stakeholder:73; ethics:65; impact:45; biodiversity:41; continue to:36; framework:36; transparency:36; integrity:35; commitment:34; committed to:29; best practice:28; significantly:26; sustainable X:23,devonenergy.com,Energy
LDOS,Leidos,1,page,LDOS__page_0.txt,1386,37,26.696,37.0,26.696,24,0,0.0,23,1.61,0.722,8.658,2.165,15.152,ESG:6; sustainable:3; impact:3; commitment:3; transparency:2; aspiration:2; net zero:1; focused on:1; continue to:1; purpose:1; aligned with:1; substantially:1; exploring:1; innovation:1; inclusion:1,leidos.com,Industrials
COST,Costco,1,main,COST__main_450.txt,38186,1016,26.607,1016.0,26.607,96,0,0.0,262,3.88,0.759,7.385,3.823,14.639,sustainable:198; biodiversity:106; continue to:61; stewardship:59; impact:43; inclusion:33; engage:33; commitment:28; ethics:22; committed to:21; exploring:20; helps to reduce:18; holistic:18; responsible sourcing:16; where possible:14,costco.com,Consumer Staples
AEP,American Electric Power,1,main,AEP__main_28.txt,23447,622,26.528,622.0,26.528,92,0,0.0,359,1.73,0.896,9.98,9.767,5.886,commitment:95; resilience:55; impact:32; engage:31; enable:27; continue to:27; committed to:18; sustainable:17; accelerate:17; accountability:16; plan to:16; significantly:14; innovation:14; focused on:13; stakeholder:11,aep.com,Utilities
ZBH,Zimmer Biomet,1,main,ZBH__main_432.txt,17718,469,26.47,469.0,26.47,77,0,0.0,198,2.37,0.903,6.603,7.111,11.852,sustainable:77; ethics:46; engage:34; commitment:26; innovation:15; continue to:15; integrity:14; committed to:14; transparency:14; inclusion:12; wellbeing:10; framework:8; stakeholder:8; significantly:8; robust:8,zimmerbiomet.com,Health Care
CMG,Chipotle Mexican Grill,1,main,CMG__main_84.txt,14235,371,26.063,371.0,26.063,50,0,0.0,228,1.63,0.07,8.289,7.727,9.975,sustainable:58; resilience:48; commitment:37; impact:32; significantly:24; engage:20; continue to:16; innovation:11; aligned with:11; integrity:11; optimise:8; consistent with:8; biodiversity:7; committed to:7; stakeholder engagement:6,chipotle.com,Consumer Discretionary
NFLX,Netflix,1,main,NFLX__main_276.txt,16388,425,25.934,425.0,25.934,81,0,0.0,251,1.69,0.549,4.088,5.919,15.377,sustainable:69; ESG:41; carbon offsets:28; decarbonisation:22; impact:15; ethics:12; framework:12; inclusion:11; engage:11; continue to:11; biodiversity:9; significantly:9; value-add:9; lever:7; carbon footprint:7,netflix.com,Communication Services
NUE,Nucor,1,page,NUE__page_0.txt,348,9,25.862,9.0,25.862,5,0,0.0,5,1.8,2.874,0.0,2.874,20.115,sustainable:5; circular economy:1; a brighter future:1; enable:1; impact:1,nucor.com,Materials
EQT,EQT Corporation,2,data; main,EQT__data_157.txt; EQT__main_156.txt,47328,1205,25.461,1205.0,25.461,112,0,0.0,1082,1.11,0.528,4.458,8.346,12.128,engage:82; sustainable:81; impact:70; biodiversity:54; stakeholder:49; transparency:44; significantly:43; commitment:37; ethics:37; resilience:37; net zero:35; materiality:34; stewardship:34; integrity:32; continue to:31,eqt.com,Energy
VTRS,Viatris,1,main,VTRS__main_404.txt,53013,1326,25.013,1326.0,25.013,116,0,0.0,521,2.55,0.641,6.753,9.394,8.224,sustainable:152; engage:71; impact:58; commitment:53; innovation:52; continue to:50; enable:50; ethics:42; stakeholder:41; wellbeing:36; significantly:35; robust:34; leverage:29; resilience:27; committed to:23,viatris.com,Health Care
GD,General Dynamics,1,main,GD__main_193.txt,17014,421,24.744,421.0,24.744,78,0,0.0,196,2.15,0.588,7.288,7.523,9.345,sustainable:59; ethics:34; engage:26; commitment:22; significantly:11; impact:10; inclusion:10; transparency:10; aligned with:10; enable:10; framework:9; continue to:9; innovation:8; alignment:8; foster:7,gd.com,Industrials
UPS,United Parcel Service,1,data,UPS__data_389.txt,17076,422,24.713,422.0,24.713,74,0,0.0,314,1.34,0.468,5.915,8.199,10.131,sustainable:73; engage:30; significantly:25; decarbonisation:22; stakeholder:19; impact:14; material topics:13; continue to:11; innovation:11; expect to:11; carbon offsets:11; enable:9; leverage:9; contribute to:8; ethics:7,ups.com,Industrials
KO,Coca-Cola Company (The),1,main,KO__main_101.txt,1589,39,24.544,39.0,24.544,26,0,0.0,53,0.74,2.517,5.664,9.44,6.923,sustainable:5; significantly:4; innovation:4; transparency:2; commitment:2; ecosystem:2; impact:1; licence to operate:1; continue to:1; key takeaway:1; contribute to:1; our journey:1; make a difference:1; resilience:1; disruptive:1,coca-colacompany.com,Consumer Staples
GPC,Genuine Parts Company,1,main,GPC__main_196.txt,16815,411,24.442,411.0,24.442,94,0,0.0,166,2.48,1.308,4.401,6.423,12.31,sustainable:69; impact:33; engage:22; wellbeing:19; ethics:16; aligned with:16; ESG:14; framework:12; stakeholder:10; continue to:10; commitment:10; purpose:9; integrity:9; resilience:6; circular economy:6,genpt.com,Consumer Discretionary
CME,CME Group,2,data; main,CME__data_99.txt; CME__main_98.txt,5605,136,24.264,136.0,24.264,44,0,0.0,36,3.78,0.0,4.817,7.672,11.775,sustainable:22; resilience:10; impact:7; corporate citizenship:7; sustainable X:5; best practice:5; engage:5; framework:5; transparency:5; continue to:5; ethics:5; significantly:4; integrity:4; stakeholder:3; robust:3,cmegroup.com,Financials
HCA,HCA Healthcare,1,main,HCA__main_201.txt,19982,483,24.172,483.0,24.172,84,0,0.0,223,2.17,1.201,6.156,11.21,5.605,impact:39; commitment:38; engage:34; innovation:30; ethics:20; continue to:15; foster:14; enable:14; focused on:14; wellbeing:13; leverage:13; elevate:12; aim to:10; accountability:10; empower:10,hcahealthcare.com,Health Care
CNP,CenterPoint Energy,1,main,CNP__main_81.txt,28743,692,24.075,692.0,24.075,95,0,0.0,511,1.35,0.452,5.393,7.654,10.576,sustainable:63; ethics:63; engage:50; stakeholder:33; impact:33; biodiversity:29; innovation:24; continue to:24; energy transition:22; strive to:18; aim to:14; resilience:13; net zero:13; best practice:12; significantly:11,centerpointenergy.com,Utilities
DTE,DTE Energy,1,main,DTE__main_141.txt,30936,739,23.888,739.0,23.888,88,0,0.0,677,1.09,0.42,6.012,3.653,13.803,sustainable:165; net zero:41; impact:39; commitment:31; ethics:22; engage:22; significantly:21; plan to:21; carbon offsets:20; stakeholder:20; inclusion:19; committed to:16; integrity:14; transparency:14; biodiversity:14,dteenergy.com,Utilities
FOXA,Fox Corporation (Class A),1,main,FOXA__main_183.txt,23182,531,22.906,531.0,22.906,83,0,0.0,155,3.43,1.424,6.125,5.78,9.576,sustainable:88; impact:44; commitment:38; engage:35; ethics:30; committed to:21; continue to:21; foster:15; empower:14; integrity:10; champion:9; leverage:8; transparency:8; exploring:7; belonging:7,foxcorporation.com,Communication Services
DHI,D. R. Horton,1,main,DHI__main_140.txt,41424,938,22.644,938.0,22.644,100,0,0.0,480,1.95,0.604,5.383,4.659,11.998,sustainable:216; purpose:94; impact:60; continue to:38; engage:35; innovation:34; significantly:27; commitment:23; stakeholder:22; inclusion:21; committed to:20; ethics:19; strive to:17; focused on:15; materiality:13,drhorton.com,Consumer Discretionary
GM,General Motors,1,main,GM__main_510.txt,10627,240,22.584,240.0,22.584,64,0,0.0,119,2.02,0.0,6.399,9.88,6.305,resilience:30; sustainable:21; impact:13; enable:11; continue to:9; alignment:9; intend to:9; innovation:9; over time:7; engage:6; circular economy:6; disruptive:6; transparency:5; consistent with:4; decarbonisation:4,gm.com,Consumer Discretionary
EXR,Extra Space Storage,1,main,EXR__main_170.txt,5861,130,22.181,130.0,22.181,48,0,0.0,183,0.71,0.853,4.607,8.36,8.36,engage:17; sustainable:17; commitment:10; impact:7; ESG:6; innovation:5; stakeholder:5; committed to:5; robust:3; empower:3; integrity:3; framework:3; continue to:3; best practice:2; inclusion:2,extraspace.com,Real Estate
NEE,NextEra Energy,2,data; main,NEE__data_279.txt; NEE__main_278.txt,6589,143,21.703,143.0,21.703,46,0,0.0,134,1.07,0.759,6.83,5.008,9.106,sustainable:20; impact:14; significantly:12; stewardship:11; innovation:7; continue to:7; aligned with:6; stakeholder:5; commitment:5; resilience:4; ESG:3; alignment:3; sustainable X:3; substantially:2; plan to:2,nexteraenergy.com,Utilities
ORCL,Oracle Corporation,1,data,ORCL__data_490.txt,33759,732,21.683,732.0,21.683,81,0,0.0,407,1.8,0.148,4.739,8.62,8.176,engage:121; sustainable:88; impact:37; commitment:34; stakeholder:29; aligned with:28; net zero:23; framework:20; innovation:19; plan to:16; ESG:16; science-based:14; continue to:14; resilience:14; alignment:11,oracle.com,Information Technology
ETR,Entergy,2,data; main,ETR__data_155.txt; ETR__main_154.txt,23014,492,21.378,492.0,21.378,85,0,0.0,710,0.69,0.826,5.562,7.821,7.17,sustainable:48; stakeholder:38; engage:35; resilience:29; significantly:22; commitment:19; continue to:18; impact:16; corporate citizenship:14; stewardship:14; empower:12; innovation:12; expect to:11; ethics:10; inclusion:10,entergy.com,Utilities
PLTR,Palantir Technologies,1,data,PLTR__data_289.txt,3853,82,21.282,82.0,21.282,31,0,0.0,136,0.6,0.519,9.084,1.298,10.382,continue to:14; sustainable:10; carbon offsets:8; commitment:6; impact:6; carbon footprint:4; carbon neutral:4; intend to:3; where possible:3; responsible sourcing:2; transparency:2; in line with:1; positive impact:1; enable:1; remain committed:1,palantir.com,Information Technology
PCAR,Paccar,1,main,PCAR__main_493.txt,7624,161,21.118,161.0,21.118,46,0,0.0,138,1.17,1.574,4.853,5.247,9.444,engage:15; sustainable:15; commitment:13; integrity:9; science-based:8; ethics:7; ESG:7; impact:6; inclusion:6; committed to:5; innovation:5; next-generation:4; robust:4; significantly:4; enable:4,paccar.com,Industrials
PHM,PulteGroup,1,main,PHM__main_496.txt,11949,248,20.755,248.0,20.755,63,0,0.0,186,1.33,1.255,8.62,4.352,6.528,sustainable:32; continue to:25; commitment:16; impact:15; committed to:13; ethics:11; innovation:9; significantly:8; doing the right thing:7; stakeholder:7; expect to:6; framework:5; transparency:5; resilience:4; cultivate:4,pultegroupinc.com,Consumer Discretionary
CVX,Chevron Corporation,1,main,CVX__main_453.txt,42306,872,20.612,872.0,20.612,84,0,0.0,911,0.96,0.118,5.437,9.195,5.862,resilience:92; enable:64; sustainable:42; framework:39; innovation:38; energy transition:37; continue to:34; net zero:32; stakeholder:31; impact:28; Paris-aligned:25; engage:25; transparency:22; significantly:20; aim to:18,chevron.com,Energy
GILD,Gilead Sciences,1,main,GILD__main_197.txt,26940,554,20.564,554.0,20.564,96,0,0.0,244,2.27,1.039,4.157,8.203,7.164,sustainable:50; innovation:46; foster:40; impact:38; engage:23; significantly:20; continue to:18; inclusion:16; commitment:16; responsible sourcing:14; empower:12; embed:12; accelerate:12; enable:11; stakeholder:9,gilead.com,Health Care
NKE,"Nike, Inc.",1,main,NKE__main_280.txt,16568,340,20.521,340.0,20.521,52,0,0.0,106,3.21,0.121,3.018,2.897,14.486,sustainable:122; impact:25; purpose:24; material topics:17; innovation:15; significantly:14; corporate citizenship:13; commitment:11; engage:9; inclusion:8; leverage:6; continue to:5; stakeholder:4; materiality:4; pillar:4,nike.com,Consumer Discretionary
KLAC,KLA Corporation,1,data,KLAC__data_472.txt,18013,369,20.485,369.0,20.485,59,0,0.0,143,2.58,0.333,5.829,4.719,9.604,impact:53; engage:41; ESG:41; commitment:34; biodiversity:22; sustainable:15; plan to:13; aligned with:12; stakeholder:11; innovation:10; aim to:9; net zero:8; continue to:7; consistent with:7; ESG strategy:6,kla.com,Information Technology
ADBE,Adobe Inc.,2,data; main,ADBE__data_8.txt; ADBE__main_7.txt,34270,683,19.93,683.0,19.93,89,0,0.0,327,2.09,0.117,5.457,7.091,7.266,engage:92; commitment:55; sustainable:51; impact:50; stakeholder:35; plan to:32; science-based:23; net zero:18; significantly:16; aligned with:15; continue to:14; materiality:13; in line with:12; alignment:12; enable:11,adobe.com,Information Technology
DECK,Deckers Brands,1,main,DECK__main_123.txt,71947,1426,19.82,1426.0,19.82,122,0,0.0,755,1.89,0.862,5.059,4.156,9.743,sustainable:150; continue to:99; ethics:83; impact:71; engage:65; ESG:46; commitment:37; sustainable X:34; stakeholder:32; committed to:32; empower:31; regenerative:28; innovation:28; champion:27; science-based:26,deckers.com,Consumer Discretionary
EME,Emcor,1,main,EME__main_152.txt,11465,225,19.625,225.0,19.625,62,0,0.0,212,1.06,0.872,5.757,3.576,9.42,sustainable:47; significantly:16; commitment:15; integrity:11; impact:9; ethics:8; transparency:8; enable:7; ESG:7; continue to:7; sustainable X:6; engage:5; scalable:4; optimise:4; contribute to:4,emcorgroup.com,Industrials
OXY,Occidental Petroleum,1,main,OXY__main_492.txt,32234,627,19.452,627.0,19.452,91,0,0.0,771,0.81,0.372,5.77,5.46,7.849,net zero:94; sustainable:55; expect to:33; significantly:29; continue to:29; innovation:28; decarbonisation:23; engage:22; stakeholder:19; impact:17; enable:14; accelerate:14; optimise:12; seek to:10; focused on:8,oxy.com,Energy
WYNN,Wynn Resorts,1,main,WYNN__main_429.txt,16921,328,19.384,328.0,19.384,65,0,0.0,268,1.22,0.591,4.728,5.023,9.042,ESG:58; commitment:30; engage:27; ethics:24; sustainable:23; aligned with:11; integrity:9; impact:9; pillar:8; continue to:8; foster:7; aim to:6; framework:5; best practice:5; transparency:5,wynnresorts.com,Consumer Discretionary
GRMN,Garmin,2,data; main,GRMN__data_185.txt; GRMN__main_462.txt,5626,109,19.374,109.0,19.374,41,0,0.0,37,2.95,0.533,6.221,5.866,6.754,engage:11; sustainable:11; responsible sourcing:9; committed to:8; impact:7; innovation:5; enable:5; aligned with:5; significantly:3; in line with:3; best practice:3; belonging:2; pioneering:2; transparency:2; dedicated to:2,garmin.com,Consumer Discretionary
BSX,Boston Scientific,1,data,BSX__data_68.txt,35332,683,19.331,683.0,19.331,72,0,0.0,305,2.24,0.283,5.547,5.321,8.18,impact:79; engage:69; significantly:43; science-based:32; commitment:29; sustainable:27; net zero:26; carbon neutral:22; framework:22; plan to:21; aligned with:20; ESG:19; stakeholder:19; in line with:15; innovation:14,bostonscientific.com,Health Care
STLD,Steel Dynamics,1,main,STLD__main_347.txt,17297,333,19.252,333.0,19.252,61,0,0.0,323,1.03,0.405,5.608,5.261,7.978,sustainable:33; significantly:29; engage:25; biodiversity:16; ethics:16; decarbonisation:14; innovation:13; continue to:12; impact:10; expect to:9; stakeholder:9; consistent with:8; science-based:8; alignment:7; framework:6,steeldynamics.com,Materials
MOS,Mosaic Company (The),1,data,MOS__data_480.txt,71715,1295,18.058,1295.0,18.058,88,0,0.0,837,1.55,0.056,4.462,5.647,7.892,impact:210; engage:167; sustainable:96; stakeholder:61; commitment:58; significantly:54; stewardship:51; contribute to:31; aligned with:30; innovation:28; ESG:27; biodiversity:27; net zero:26; exploring:21; decarbonisation:20,mosaicco.com,Materials
PEG,Public Service Enterprise Group,1,data,PEG__data_494.txt,20246,364,17.979,364.0,17.979,58,0,0.0,116,3.14,0.0,5.73,7.113,5.137,engage:81; stakeholder:22; commitment:20; sustainable:19; impact:18; plan to:17; aligned with:16; continue to:14; clean energy future:10; consistent with:10; ESG:9; materiality:9; significantly:8; innovation:8; strategic priority:7,investor.pseg.com,Utilities
WEC,WEC Energy Group,1,main,WEC__main_416.txt,33825,601,17.768,601.0,17.768,93,0,0.0,539,1.12,0.325,6.268,5.469,5.706,engage:48; continue to:39; sustainable:36; ethics:32; stakeholder:31; impact:20; commitment:20; expect to:20; plan to:19; committed to:18; significantly:16; biodiversity:15; integrity:15; framework:15; enable:11,wecenergygroup.com,Utilities
XYZ,"Block, Inc.",2,data; main,XYZ__data_64.txt; XYZ__main_63.txt,21892,382,17.449,382.0,17.449,74,0,0.0,133,2.87,0.228,4.431,5.618,7.172,engage:57; sustainable:36; carbon offsets:21; stakeholder:19; plan to:19; impact:15; aligned with:14; commitment:14; science-based:12; net zero:11; climate action:9; strategic priority:9; biodiversity:8; continue to:8; significantly:6,block.xyz,Financials
TDY,Teledyne Technologies,2,data; main,TDY__data_366.txt; TDY__main_365.txt,9168,159,17.343,159.0,17.343,49,0,0.0,221,0.72,0.654,4.908,3.381,8.399,sustainable:18; inclusion:11; continue to:11; ethics:9; carbon footprint:9; engage:8; aligned with:8; committed to:6; framework:5; strive to:5; impact:4; sustainable X:4; ESG:4; commitment:3; contribute to:3,teledyne.com,Information Technology
AVY,Avery Dennison,2,data; main,AVY__data_48.txt; AVY__main_47.txt,120815,2023,16.745,2023.0,16.745,107,0,0.0,4604,0.44,0.116,4.494,5.148,6.986,sustainable:283; impact:209; engage:152; significantly:152; innovation:92; ESG:86; continue to:67; transparency:49; substantially:47; enable:45; circular economy:45; stakeholder:44; commitment:43; leverage:36; accelerate:35,averydennison.com,Materials
DASH,DoorDash,1,main,DASH__main_136.txt,316,5,15.823,5.0,15.823,5,0,0.0,4,1.25,0.0,6.329,3.165,6.329,net zero:1; sustainable:1; continue to:1; accelerate:1; committed to:1,doordash.com,Consumer Discretionary
KMI,Kinder Morgan,1,main,KMI__main_237.txt,36151,553,15.297,553.0,15.297,84,0,0.0,622,0.89,0.138,5.864,3.956,5.339,sustainable:59; integrity:43; stakeholder:36; engage:27; significantly:23; committed to:20; commitment:19; biodiversity:19; continue to:19; impact:17; expect to:15; contribute to:14; consistent with:11; where possible:11; ethics:11,kindermorgan.com,Energy
LNT,Alliant Energy,2,data; main,LNT__data_21.txt; LNT__main_20.txt,18762,286,15.244,286.0,15.244,61,0,0.0,357,0.8,0.16,4.317,5.596,5.17,engage:27; sustainable:19; continue to:16; commitment:14; stakeholder:12; stewardship:12; framework:10; alignment:10; biodiversity:10; impact:9; purpose:9; enable:9; best practice:8; transparency:8; corporate citizenship:8,alliantenergy.com,Utilities
PSX,Phillips 66,1,page,PSX__page_0.txt,599,9,15.025,9.0,15.025,3,0,0.0,15,0.6,0.0,0.0,1.669,13.356,purpose:6; sustainable:2; engage:1,phillips66.com,Energy
VLO,Valero Energy,1,main,VLO__main_393.txt,31822,478,15.021,478.0,15.021,87,0,0.0,742,0.64,0.471,4.211,5.342,4.997,sustainable:37; engage:36; ethics:32; commitment:22; stakeholder:22; significantly:15; innovation:13; continue to:13; biodiversity:12; foster:12; impact:12; framework:11; committed to:11; wellbeing:11; focused on:9,valero.com,Energy
COF,Capital One,1,main,COF__main_449.txt,5980,88,14.716,88.0,14.716,31,0,0.0,117,0.75,0.167,5.351,3.846,5.351,impact:16; continue to:11; engage:7; as appropriate:6; framework:6; significantly:4; sustainable:4; over time:3; ethics:3; intend to:3; enable:2; ESG:2; optimise:2; sustainable X:2; materiality:1,capitalone.com,Financials
CINF,Cincinnati Financial,2,data; main,CINF__data_90.txt; CINF__main_89.txt,13541,181,13.367,181.0,13.367,52,0,0.0,143,1.27,1.255,4.431,2.954,4.726,sustainable:20; continue to:16; engage:13; ethics:10; people-first:9; commitment:7; impact:6; integrity:6; seek to:5; framework:4; strive to:4; contribute to:4; aligned with:4; innovation:4; significantly:4,cinfin.com,Financials
WY,Weyerhaeuser,2,data,WY__data_421.txt; WY__data_422.txt,15561,190,12.21,190.0,12.21,62,0,0.0,347,0.55,0.707,3.277,2.506,5.719,impact:23; sustainable:19; significantly:16; ecosystem:9; enable:8; net zero:8; over time:8; science-based:7; engage:5; in line with:4; lever:4; inclusion:4; aligned with:4; carbon offsets:3; ESG:3,weyerhaeuser.com,Real Estate
SNA,Snap-on,1,main,SNA__main_339.txt,629,6,9.539,6.0,9.539,5,0,0.0,14,0.43,0.0,3.18,0.0,6.359,sustainable:2; impact:1; seek to:1; commitment:1; integrity:1,snapon.com,Industrials
BRO,Brown & Brown,1,main,BRO__main_441.txt,50352,408,8.103,408.0,8.103,60,0,0.0,1845,0.22,0.159,3.555,1.648,2.741,significantly:70; impact:58; continue to:22; inclusion:20; substantially:20; engage:14; ESG:14; commitment:12; accelerate:12; expect to:11; purpose:11; innovation:10; focused on:8; framework:8; ethics:8,bbrown.com,Financials
