file,symbol,company,doc_kind,doc_id,total_words,short_doc,buzzword_hits,buzzwords_per_1000_words,buzzword_score_weighted,weighted_per_1000_words,unique_buzzwords,puffery_hits,hedge_hits,corporate_hits,esg_jargon_hits,puffery_per_1000_words,hedge_per_1000_words,corporate_per_1000_words,esg_jargon_per_1000_words,quantity_hits,year_hits,substance_hits,substance_per_1000_words,buzzwords_per_substance_hit,top_terms,density_percentile
MSCI__page_0.txt,MSCI,,page,0,514,1,63,122.568,63.0,122.568,27,0,7,16,40,0.0,13.619,31.128,77.821,0,0,0,0.0,,sustainable:11; corporate citizenship:9; transparency:5; resilience:4; innovation:3; inclusion:3; sustainable X:3; aim to:2; stakeholder:2; integrity:2,100.0
CSCO__data_94.txt,CSCO,Cisco,data,94,1910,1,208,108.901,208.0,108.901,21,0,7,57,144,0.0,3.665,29.843,75.393,0,66,66,34.555,3.152,purpose:77; innovation:24; material topics:21; sustainable:20; resilience:18; stewardship:15; ecosystem:9; ESG:4; significantly:4; ethics:2,99.8
NOW__page_0.txt,NOW,ServiceNow,page,0,348,1,36,103.448,36.0,103.448,21,2,1,5,28,5.747,2.874,14.368,80.46,0,5,5,14.368,7.2,impact:7; purpose:4; sustainable:3; ethics:3; belonging:2; engage:2; climate action:1; materiality:1; science-based:1; exploring:1,99.6
JBL__data_226.txt,JBL,Jabil,data,226,638,1,54,84.639,54.0,84.639,26,2,7,10,35,3.135,10.972,15.674,54.859,0,9,9,14.107,6.0,sustainable:17; impact:4; innovation:3; circular economy:2; sustainable X:2; responsible sourcing:2; contribute to:2; ethics:2; climate action:2; strive to:2,99.4
FDS__page_0.txt,FDS,,page,0,153,1,12,78.431,12.0,78.431,11,0,1,2,9,0.0,6.536,13.072,58.824,0,1,1,6.536,12.0,sustainable:2; climate action:1; impact:1; continue to:1; materiality:1; wellbeing:1; purpose:1; ethics:1; stakeholder:1; accountability:1,99.2
KLAC__page_0.txt,KLAC,KLA Corporation,page,0,715,1,56,78.322,56.0,78.322,28,4,9,17,26,5.594,12.587,23.776,36.364,2,13,15,20.979,3.733,innovation:7; impact:6; sustainable:5; enable:3; committed to:3; science-based:3; stewardship:3; ESG:2; ethics:2; meaningful impact:2,99.0
GRMN__page_0.txt,GRMN,Garmin,page,0,367,1,28,76.294,28.0,76.294,10,1,6,5,16,2.725,16.349,13.624,43.597,0,3,3,8.174,9.333,sustainable:11; stakeholder:4; committed to:3; stewardship:2; commitment:2; impact:2; engage:1; unwavering:1; over time:1; transparency:1,98.8
OKE__page_0.txt,OKE,Oneok,page,0,291,1,22,75.601,22.0,75.601,6,1,0,3,18,3.436,0.0,10.309,61.856,0,24,24,82.474,0.917,sustainable:15; ethics:2; framework:2; make a difference:1; engage:1; ESG:1,98.6
IBM__page_0.txt,IBM,,page,0,358,1,27,75.419,27.0,75.419,18,1,10,7,9,2.793,27.933,19.553,25.14,0,8,8,22.346,3.375,exploring:6; impact:3; innovation:3; dedicated to:1; ecosystem:1; ethics:1; continue to:1; inclusion:1; foster:1; enable:1,98.3
SLB__data_329.txt,SLB,Schlumberger,data,329,1388,1,100,72.046,100.0,72.046,12,0,11,4,85,0.0,7.925,2.882,61.239,1,122,123,88.617,0.813,sustainable:64; significantly:9; ethics:8; biodiversity:4; material topics:4; climate action:3; commitment:2; stakeholder engagement:2; impact:1; sustainable X:1,98.1
HUM__page_0.txt,HUM,,page,0,462,1,33,71.429,33.0,71.429,11,2,7,1,23,4.329,15.152,2.165,49.784,7,7,14,30.303,2.357,impact:16; transparency:4; exploring:3; ESG:2; commitment:2; stakeholder:1; focused on:1; people-first:1; accountability:1; aligned with:1,97.9
ECL__page_0.txt,ECL,Ecolab,page,0,692,1,47,67.919,47.0,67.919,24,1,9,9,28,1.445,13.006,13.006,40.462,2,15,17,24.566,2.765,impact:11; positive impact:7; sustainable:4; thrive:3; optimise:2; focused on:2; stewardship:1; continue to:1; innovation:1; corporate citizenship:1,97.7
CTAS__data_92.txt,CTAS,,data,92,237,1,16,67.511,16.0,67.511,6,1,1,5,9,4.219,4.219,21.097,37.975,17,3,20,84.388,0.8,impact:8; champion:3; engage:2; make a difference:1; positive impact:1; dedicated to:1,97.5
TSLA__data_370.txt,TSLA,"Tesla, Inc.",data,370,875,1,58,66.286,58.0,66.286,14,5,5,5,43,5.714,5.714,5.714,49.143,10,32,42,48.0,1.381,impact:32; sustainable:8; best-in-class:3; over time:2; strive to:2; accelerate:2; engage:2; net zero:1; carbon offsets:1; thrive:1,97.3
PRU__page_0.txt,PRU,,page,0,380,1,25,65.789,25.0,65.789,15,1,3,8,13,2.632,7.895,21.053,34.211,2,6,8,21.053,3.125,sustainable:8; innovation:3; value creation:2; impact:1; continue to:1; focused on:1; inclusion:1; commitment:1; purpose:1; stakeholder:1,97.1
PTC__main_306.txt,PTC,PTC Inc.,main,306,17513,0,1139,65.037,1139.0,65.037,102,98,106,373,562,5.596,6.053,21.298,32.09,25,134,159,9.079,7.164,sustainable:199; impact:107; empower:95; integrity:77; a brighter future:68; enable:51; circular economy:29; innovation:29; engage:26; decarbonisation:23,96.9
TT__data_376.txt,TT,Trane Technologies,data,376,627,1,40,63.796,40.0,63.796,20,4,5,7,24,6.38,7.974,11.164,38.278,3,22,25,39.872,1.6,sustainable:13; commitment:4; impact:3; innovation:2; ethics:2; decarbonisation:2; sustainable X:1; carbon footprint:1; circular economy:1; trailblazing:1,96.7
MAR__page_0.txt,MAR,Marriott International,page,0,584,1,37,63.356,37.0,63.356,11,0,0,3,34,0.0,0.0,5.137,58.219,0,108,108,184.932,0.343,sustainable:22; social impact:4; ESG:2; impact:2; wellbeing:1; ethics:1; empower:1; engage:1; inclusion:1; responsible sourcing:1,96.5
ROK__main_320.txt,ROK,Rockwell Automation,main,320,22086,0,1390,62.936,1390.0,62.936,112,55,131,343,861,2.49,5.931,15.53,38.984,19,110,129,5.841,10.775,sustainable:414; integrity:106; ESG:97; impact:60; innovation:52; accelerate:47; engage:34; wellbeing:32; ethics:31; enable:31,96.3
TSLA__main_369.txt,TSLA,"Tesla, Inc.",main,369,6035,0,377,62.469,377.0,62.469,48,12,19,54,292,1.988,3.148,8.948,48.384,35,269,304,50.373,1.24,impact:215; decarbonisation:18; responsible sourcing:13; sustainable:12; continue to:9; engage:8; optimise:8; circular economy:8; alignment:7; transparency:7,96.1
WFC__main_417.txt,WFC,Wells Fargo,main,417,567,1,35,61.728,35.0,61.728,7,0,2,4,29,0.0,3.527,7.055,51.146,0,24,24,42.328,1.458,sustainable:23; engage:4; purpose:3; where possible:2; carbon offsets:1; impact:1; integrity:1,95.9
ADP__main_45.txt,ADP,Automatic Data Processing,main,45,13970,0,842,60.272,842.0,60.272,90,12,75,251,504,0.859,5.369,17.967,36.077,34,147,181,12.956,4.652,ethics:74; engage:61; wellbeing:55; integrity:53; resilience:46; purpose:45; stewardship:45; ESG:44; corporate citizenship:41; sustainable X:40,95.7
STE__data_349.txt,STE,Steris,data,349,456,1,27,59.211,27.0,59.211,6,0,2,1,24,0.0,4.386,2.193,52.632,0,7,7,15.351,3.857,ethics:20; sustainable:3; aligned with:1; seek to:1; ESG:1; human capital:1,95.5
NOW__data_484.txt,NOW,ServiceNow,data,484,2031,0,119,58.592,119.0,58.592,33,1,17,30,71,0.492,8.37,14.771,34.958,1,22,23,11.324,5.174,sustainable:15; ESG:12; net zero:11; impact:11; engage:7; decarbonisation:5; operationalise:5; science-based:5; framework:5; stakeholder:5,95.2
CRL__page_0.txt,CRL,,page,0,650,1,38,58.462,38.0,58.462,13,0,4,2,32,0.0,6.154,3.077,49.231,0,60,60,92.308,0.633,corporate citizenship:12; ESG:6; ESG strategy:4; sustainable X:3; sustainable:3; belonging:2; commitment:2; committed to:1; contribute to:1; innovation:1,95.0
FTV__main_182.txt,FTV,Fortive,main,182,10332,0,598,57.878,598.0,57.878,87,23,69,227,279,2.226,6.678,21.971,27.003,3,83,86,8.324,6.953,sustainable:81; impact:51; innovation:44; inclusion:30; commitment:26; empower:25; accelerate:20; materiality:18; resilience:14; framework:13,94.8
RMD__main_318.txt,RMD,ResMed|,main,318,30816,0,1783,57.86,1783.0,57.86,101,29,143,326,1285,0.941,4.64,10.579,41.699,30,295,325,10.546,5.486,sustainable:652; responsible sourcing:147; ethics:89; inclusion:54; engage:52; stewardship:51; biodiversity:49; wellbeing:45; innovation:43; integrity:35,94.6
PFG__page_0.txt,PFG,Principal Financial Group,page,0,418,1,24,57.416,24.0,57.416,6,0,0,3,21,0.0,0.0,7.177,50.239,0,50,50,119.617,0.48,sustainable:15; inclusion:5; ethics:1; enable:1; stakeholder:1; framework:1,94.4
TRMB__main_380.txt,TRMB,Trimble Inc.,main,380,16699,0,956,57.249,956.0,57.249,93,18,155,383,400,1.078,9.282,22.936,23.954,12,239,251,15.031,3.809,sustainable:166; resilience:81; empower:72; integrity:51; innovation:44; engage:38; ethics:28; enable:27; commitment:25; aligned with:23,94.2
EIX__data_148.txt,EIX,Edison International,data,148,4432,0,251,56.634,251.0,56.634,25,1,12,38,200,0.226,2.708,8.574,45.126,1,166,167,37.681,1.503,sustainable:152; energy transition:16; stakeholder engagement:15; engage:11; carbon footprint:8; biodiversity:8; significantly:6; ESG:6; human capital:6; ethics:5,94.0
CDW__main_446.txt,CDW,CDW Corporation,main,446,19456,0,1096,56.332,1096.0,56.332,111,101,165,297,533,5.191,8.481,15.265,27.395,22,240,262,13.466,4.183,ESG:216; people and planet:76; engage:61; inclusion:50; sustainable:44; stakeholder:43; impact:42; continue to:30; commitment:30; enable:27,93.8
DOV__data_138.txt,DOV,Dover Corporation,data,138,1158,1,65,56.131,65.0,56.131,17,0,4,9,52,0.0,3.454,7.772,44.905,0,44,44,37.997,1.477,sustainable:22; climate action:13; material topics:4; inclusion:4; engage:3; circular economy:3; alignment:2; materiality:2; commitment:2; ethics:2,93.6
BAX__main_55.txt,BAX,Baxter International,main,55,19194,0,1063,55.382,1063.0,55.382,91,14,178,321,550,0.729,9.274,16.724,28.655,99,233,332,17.297,3.202,sustainable:309; commitment:81; pillar:57; resilience:48; framework:37; engage:34; ethics:33; innovation:28; stewardship:26; continue to:23,93.4
GEHC__main_189.txt,GEHC,GE HealthCare,main,189,25246,0,1395,55.256,1395.0,55.256,98,13,171,445,766,0.515,6.773,17.627,30.341,26,291,317,12.556,4.401,sustainable:305; enable:101; sustainable X:76; cultivate:70; thrive:69; ethics:50; innovation:46; impact:38; engage:35; belonging:32,93.2
APTV__main_39.txt,APTV,Aptiv,main,39,3846,0,211,54.862,211.0,54.862,59,8,29,100,74,2.08,7.54,26.001,19.241,11,18,29,7.54,7.276,sustainable:19; impact:15; innovation:14; resilience:14; engage:13; enable:12; continue to:10; ethics:9; commitment:6; create value:6,93.0
D__data_133.txt,D,Dominion Energy,data,133,877,1,48,54.732,48.0,54.732,14,0,6,6,36,0.0,6.842,6.842,41.049,0,56,56,63.854,0.857,sustainable:11; ethics:11; corporate citizenship:4; significantly:4; material topics:4; just transition:3; stakeholder engagement:3; commitment:2; engage:1; ESG:1,92.8
MRVL__main_255.txt,MRVL,Marvell Technology,main,255,24194,0,1321,54.6,1321.0,54.6,105,18,149,377,777,0.744,6.159,15.582,32.115,19,166,185,7.647,7.141,sustainable:375; engage:110; thrive:101; ethics:55; impact:49; material topics:44; innovation:39; inclusion:31; responsible sourcing:30; enable:27,92.6
WDAY__main_428.txt,WDAY,"Workday, Inc.",main,428,43628,0,2361,54.117,2361.0,54.117,147,105,353,536,1367,2.407,8.091,12.286,31.333,61,300,361,8.275,6.54,impact:367; sustainable:345; commitment:114; carbon offsets:76; inclusion:74; belonging:67; engage:67; integrity:64; wellbeing:57; innovation:53,92.4
FTNT__main_181.txt,FTNT,Fortinet,main,181,37666,0,2036,54.054,2036.0,54.054,121,30,247,810,949,0.796,6.558,21.505,25.195,24,494,518,13.752,3.931,sustainable:389; engage:107; empower:104; integrity:98; environmental footprint:87; innovation:71; ethics:66; impact:63; resilience:63; enable:60,92.1
ROL__main_321.txt,ROL,,main,321,3966,0,214,53.959,214.0,53.959,49,6,32,68,108,1.513,8.069,17.146,27.231,6,40,46,11.599,4.652,impact:42; engage:20; inclusion:15; sustainable:11; accountability:11; commitment:10; innovation:9; continue to:8; ethics:7; enable:6,91.9
DD__main_143.txt,DD,DuPont,main,143,39741,0,2135,53.723,2135.0,53.723,112,24,287,710,1114,0.604,7.222,17.866,28.032,27,676,703,17.69,3.037,sustainable:574; innovation:191; resilience:135; engage:83; impact:77; stewardship:72; ethics:66; commitment:65; stakeholder:47; framework:41,91.7
CARR__main_443.txt,CARR,Carrier Global,main,443,30504,0,1636,53.632,1636.0,53.632,119,47,162,452,975,1.541,5.311,14.818,31.963,55,419,474,15.539,3.451,sustainable:426; impact:270; innovation:138; engage:80; ethics:48; inclusion:44; commitment:27; purpose:27; enable:27; empower:23,91.5
SLB__main_328.txt,SLB,Schlumberger,main,328,21874,0,1173,53.625,1173.0,53.625,104,22,124,328,699,1.006,5.669,14.995,31.956,25,398,423,19.338,2.773,sustainable:310; climate action:84; impact:55; engage:45; enable:39; decarbonisation:38; innovation:30; inclusion:29; empower:25; commitment:24,91.3
PG__main_304.txt,PG,Procter & Gamble,main,304,6777,0,362,53.416,362.0,53.416,68,13,56,59,234,1.918,8.263,8.706,34.529,17,67,84,12.395,4.31,sustainable:52; impact:47; inclusion:41; ethics:24; corporate citizenship:20; innovation:15; commitment:9; enable:8; purpose:7; committed to:7,91.1
EMR__main_153.txt,EMR,Emerson Electric,main,153,43347,0,2315,53.406,2315.0,53.406,127,66,209,772,1268,1.523,4.822,17.81,29.252,48,647,695,16.033,3.331,sustainable:588; engage:238; integrity:151; ethics:86; impact:71; enable:69; innovation:65; circular economy:61; net zero:61; responsible sourcing:45,90.9
CRH__main_114.txt,CRH,CRH plc,main,114,46058,0,2459,53.389,2459.0,53.389,122,32,339,782,1306,0.695,7.36,16.979,28.356,122,576,698,15.155,3.523,sustainable:486; circular economy:142; engage:134; decarbonisation:133; responsible sourcing:119; innovation:101; stakeholder:82; resilience:76; continue to:72; enable:64,90.7
BG__main_71.txt,BG,Bunge Global,main,71,38189,0,2036,53.314,2036.0,53.314,118,19,316,527,1174,0.498,8.275,13.8,30.742,61,454,515,13.486,3.953,sustainable:368; responsible sourcing:150; accountability:118; biodiversity:112; commitment:90; engage:81; ethics:61; regenerative:61; decarbonisation:52; stakeholder:50,90.5
CL__main_105.txt,CL,Colgate-Palmolive,main,105,23847,0,1265,53.047,1265.0,53.047,108,44,136,263,822,1.845,5.703,11.029,34.47,40,454,494,20.715,2.561,sustainable:329; social impact:196; inclusion:40; engage:37; material topics:35; impact:32; accelerate:30; make a difference:29; stewardship:25; commitment:24,90.3
AIZ__main_434.txt,AIZ,Assurant,main,434,27917,0,1478,52.943,1478.0,52.943,127,53,237,409,779,1.898,8.489,14.651,27.904,90,292,382,13.683,3.869,sustainable:220; circular economy:99; thrive:85; responsible sourcing:79; impact:66; engage:65; continue to:59; innovation:58; inclusion:51; commitment:45,90.1
IEX__main_211.txt,IEX,IDEX Corporation,main,211,28167,0,1482,52.615,1482.0,52.615,118,44,207,469,762,1.562,7.349,16.651,27.053,63,357,420,14.911,3.529,sustainable:397; innovation:154; ethics:100; engage:53; inclusion:40; impact:37; commitment:36; framework:28; significantly:27; continue to:26,89.9
CSCO__main_93.txt,CSCO,Cisco,main,93,18665,0,982,52.612,982.0,52.612,100,16,146,415,405,0.857,7.822,22.234,21.698,62,125,187,10.019,5.251,purpose:116; innovation:114; resilience:91; sustainable:66; impact:56; inclusion:50; looking ahead:49; enable:24; ecosystem:24; accelerate:23,89.7
WAB__main_409.txt,WAB,Wabtec,main,409,6695,0,351,52.427,351.0,52.427,59,9,41,109,192,1.344,6.124,16.281,28.678,16,99,115,17.177,3.052,sustainable:139; innovation:38; purpose:24; empower:23; committed to:7; impact:7; enable:6; commitment:6; engage:6; stakeholder:5,89.5
REG__main_312.txt,REG,Regency Centers,main,312,16071,0,842,52.393,842.0,52.393,81,14,99,128,601,0.871,6.16,7.965,37.397,56,404,460,28.623,1.83,corporate citizenship:176; stewardship:116; ethics:102; sustainable:53; material topics:45; engage:29; stakeholder:20; impact:16; significantly:13; continue to:13,89.3
TPL__page_0.txt,TPL,,page,0,1945,1,101,51.928,101.0,51.928,38,3,22,24,52,1.542,11.311,12.339,26.735,0,3,3,1.542,33.667,sustainable:26; commitment:6; continue to:5; stakeholder:5; ethics:4; impact:4; best practice:4; ESG:3; engage:3; framework:3,89.0
DOV__main_137.txt,DOV,Dover Corporation,main,137,2950,0,152,51.525,152.0,51.525,46,2,28,39,83,0.678,9.492,13.22,28.136,2,69,71,24.068,2.141,sustainable:40; engage:9; innovation:9; inclusion:7; continue to:7; ethics:6; circular economy:4; framework:4; climate action:4; committed to:4,88.8
DOC__main_202.txt,DOC,Healthpeak Properties,main,202,19465,0,1000,51.374,1000.0,51.374,87,11,92,271,626,0.565,4.726,13.922,32.16,27,392,419,21.526,2.387,impact:331; sustainable:106; engage:64; stakeholder:33; ethics:29; transparency:26; framework:23; inclusion:21; stakeholder engagement:21; belonging:19,88.6
AJG__main_435.txt,AJG,Arthur J. Gallagher & Co.,main,435,10302,0,528,51.252,528.0,51.252,73,10,125,99,294,0.971,12.134,9.61,28.538,9,141,150,14.56,3.52,sustainable:80; impact:70; inclusion:39; commitment:30; ethics:21; seek to:19; foster:16; net zero:12; engage:12; aim to:12,88.4
NOC__data_285.txt,NOC,Northrop Grumman,data,285,2014,0,103,51.142,103.0,51.142,23,1,5,11,86,0.497,2.483,5.462,42.701,2,36,38,18.868,2.711,sustainable:46; ethics:13; responsible sourcing:10; biodiversity:5; wellbeing:3; stakeholder engagement:2; framework:2; commitment:2; human capital:2; significantly:2,88.2
BDX__main_56.txt,BDX,Becton Dickinson,main,56,36562,0,1868,51.091,1868.0,51.091,118,31,230,595,1012,0.848,6.291,16.274,27.679,53,383,436,11.925,4.284,sustainable:184; innovation:172; impact:167; transparency:148; stewardship:128; responsible sourcing:123; engage:86; ethics:60; enable:44; continue to:40,88.0
PFE__main_298.txt,PFE,Pfizer,main,298,31854,0,1617,50.763,1617.0,50.763,122,111,310,489,707,3.485,9.732,15.351,22.195,22,392,414,12.997,3.906,impact:172; innovation:95; responsible sourcing:84; sustainable:77; people and planet:75; engage:74; ethics:63; commitment:54; resilience:44; transparency:40,87.8
CRM__main_325.txt,CRM,Salesforce,main,325,17076,0,866,50.714,866.0,50.714,96,79,95,368,324,4.626,5.563,21.551,18.974,62,22,84,4.919,10.31,impact:106; stakeholder:67; people and planet:56; sustainable:54; framework:47; innovation:39; engage:37; commitment:29; resilience:20; transparency:19,87.6
COR__main_78.txt,COR,Cencora,main,78,35131,0,1775,50.525,1775.0,50.525,123,156,298,587,734,4.441,8.483,16.709,20.893,116,256,372,10.589,4.772,sustainable:204; resilience:163; impact:112; purpose-driven:110; corporate citizenship:99; engage:99; continue to:65; purpose:64; commitment:53; innovation:43,87.4
MKC__page_0.txt,MKC,,page,0,179,1,9,50.279,9.0,50.279,9,2,1,2,4,11.173,5.587,11.173,22.346,0,5,5,27.933,1.8,purpose-driven:1; ESG:1; committed to:1; stakeholder:1; ethics:1; alignment:1; materiality:1; industry-leading:1; sustainable:1,87.2
HIG__main_200.txt,HIG,Hartford (The),main,200,20434,0,1024,50.113,1024.0,50.113,108,31,201,360,432,1.517,9.837,17.618,21.141,58,191,249,12.186,4.112,sustainable:198; engage:66; ethics:55; innovation:43; commitment:42; resilience:41; continue to:40; enable:26; impact:25; stakeholder:23,87.0
GNRC__main_192.txt,GNRC,Generac,main,192,28243,0,1415,50.101,1415.0,50.101,108,15,188,467,745,0.531,6.657,16.535,26.378,90,297,387,13.703,3.656,impact:255; sustainable:218; resilience:89; engage:80; ethics:65; innovation:44; integrity:39; commitment:35; empower:31; accountability:25,86.8
DLTR__main_131.txt,DLTR,Dollar Tree,main,131,16631,0,833,50.087,833.0,50.087,103,18,197,242,376,1.082,11.845,14.551,22.608,35,147,182,10.943,4.577,sustainable:84; engage:78; continue to:56; social impact:54; responsible sourcing:52; commitment:41; impact:41; ethics:24; wellbeing:23; resilience:23,86.6
KDP__main_231.txt,KDP,Keurig Dr Pepper,main,231,17604,0,880,49.989,880.0,49.989,81,9,138,152,581,0.511,7.839,8.634,33.004,30,327,357,20.279,2.465,wellbeing:122; impact:114; circular economy:67; ethics:66; stewardship:65; commitment:45; engage:40; sustainable:33; responsible sourcing:25; resilience:21,86.4
HBAN__main_209.txt,HBAN,Huntington Bancshares,main,209,23567,0,1176,49.9,1176.0,49.9,99,93,170,293,620,3.946,7.213,12.433,26.308,163,272,435,18.458,2.703,sustainable:238; corporate citizenship:113; people-first:77; engage:71; responsible sourcing:71; continue to:42; impact:40; framework:31; commitment:31; inclusion:30,86.2
UAL__main_388.txt,UAL,United Airlines Holdings,main,388,35102,0,1745,49.712,1745.0,49.712,127,48,211,626,860,1.367,6.011,17.834,24.5,73,469,542,15.441,3.22,impact:393; sustainable:233; resilience:164; human capital:144; engage:60; continue to:34; commitment:33; corporate citizenship:31; ethics:26; stakeholder:23,86.0
TER__main_367.txt,TER,Teradyne,main,367,21355,0,1061,49.684,1061.0,49.684,113,33,140,459,429,1.545,6.556,21.494,20.089,57,140,197,9.225,5.386,sustainable:146; engage:104; ethics:97; framework:84; stakeholder engagement:73; innovation:37; impact:31; ESG:30; enable:28; committed to:21,85.7
MAA__main_476.txt,MAA,Mid-America Apartment Communities,main,476,21247,0,1054,49.607,1054.0,49.607,86,7,210,360,477,0.329,9.884,16.944,22.45,69,315,384,18.073,2.745,sustainable:269; engage:130; commitment:99; stakeholder:95; inclusion:34; impact:23; accountability:21; materiality:19; framework:18; wellbeing:15,85.5
CTSH__main_102.txt,CTSH,Cognizant,main,102,21536,0,1067,49.545,1067.0,49.545,101,8,146,276,637,0.371,6.779,12.816,29.578,6,249,255,11.841,4.184,sustainable:321; ethics:76; corporate citizenship:57; engage:44; impact:37; innovation:32; framework:30; commitment:30; wellbeing:28; stakeholder:21,85.3
PYPL__main_294.txt,PYPL,PayPal,main,294,15371,0,760,49.444,760.0,49.444,86,12,118,199,431,0.781,7.677,12.946,28.04,40,162,202,13.142,3.762,sustainable:100; impact:75; responsible sourcing:61; social impact:56; ethics:40; engage:33; continue to:27; enable:25; resilience:20; commitment:17,85.1
TT__main_375.txt,TT,Trane Technologies,main,375,44245,0,2162,48.864,2162.0,48.864,132,52,379,591,1140,1.175,8.566,13.357,25.766,90,803,893,20.183,2.421,sustainable:586; commitment:120; innovation:111; engage:88; circular economy:65; impact:51; ethics:51; significantly:50; decarbonisation:44; integrity:41,84.9
LMT__main_246.txt,LMT,Lockheed Martin,main,246,13285,0,647,48.702,647.0,48.702,73,12,128,119,388,0.903,9.635,8.957,29.206,12,678,690,51.938,0.938,sustainable:256; ethics:64; looking ahead:50; commitment:17; resilience:17; continue to:16; stewardship:12; integrity:12; innovation:12; significantly:10,84.7
BXP__main_72.txt,BXP,"BXP, Inc.",main,72,28674,0,1396,48.685,1396.0,48.685,93,13,184,181,1018,0.453,6.417,6.312,35.503,114,594,708,24.691,1.972,sustainable:413; impact:281; material topics:73; carbon neutral:41; engage:41; commitment:41; stakeholder:35; continue to:34; resilience:19; science-based:19,84.5
C__main_95.txt,C,Citigroup,main,95,31165,0,1511,48.484,1511.0,48.484,102,10,217,407,877,0.321,6.963,13.06,28.141,182,298,480,15.402,3.148,sustainable:390; impact:135; human capital:74; responsible sourcing:74; framework:66; ethics:63; commitment:61; engage:58; inclusion:41; enable:30,84.3
SW__data_338.txt,SW,Smurfit Westrock,data,338,4476,0,217,48.481,217.0,48.481,54,8,27,49,133,1.787,6.032,10.947,29.714,22,38,60,13.405,3.617,sustainable:80; impact:14; innovation:11; inclusion:7; significantly:6; circular economy:6; sustainable X:5; stakeholder:5; a brighter future:5; commitment:4,84.1
VTR__main_395.txt,VTR,Ventas,main,395,14767,0,711,48.148,711.0,48.148,74,8,77,192,434,0.542,5.214,13.002,29.39,13,393,406,27.494,1.751,sustainable:276; engage:42; impact:32; ethics:29; resilience:27; material topics:21; materiality:17; innovation:16; elevate:15; stakeholder:13,83.9
WDC__main_420.txt,WDC,Western Digital,main,420,30440,0,1461,47.996,1461.0,47.996,117,30,174,540,717,0.986,5.716,17.74,23.555,28,111,139,4.566,10.511,sustainable:237; stakeholder:110; responsible sourcing:103; stewardship:99; empower:97; innovation:66; engage:57; ethics:44; impact:42; commitment:29,83.7
HLT__main_464.txt,HLT,Hilton Worldwide,main,464,36268,0,1734,47.811,1734.0,47.811,117,57,206,276,1195,1.572,5.68,7.61,32.949,111,622,733,20.211,2.366,ESG:292; purpose:170; impact:151; sustainable:109; social impact:96; inclusion:53; engage:47; ESG strategy:39; committed to:35; commitment:34,83.5
ECL__main_146.txt,ECL,Ecolab,main,146,32808,0,1568,47.793,1568.0,47.793,125,65,183,551,769,1.981,5.578,16.795,23.439,167,353,520,15.85,3.015,impact:230; sustainable:134; responsible sourcing:87; resilience:86; engage:78; enable:64; innovation:52; optimise:34; stewardship:32; aligned with:30,83.3
PPG__main_302.txt,PPG,PPG Industries,main,302,27908,0,1331,47.692,1331.0,47.692,99,22,235,349,725,0.788,8.421,12.505,25.978,58,493,551,19.743,2.416,sustainable:425; transparency:122; engage:85; innovation:56; continue to:52; stakeholder:36; significantly:34; impact:31; commitment:30; enable:30,83.1
CSX__main_116.txt,CSX,CSX Corporation,main,116,16424,0,783,47.674,783.0,47.674,82,11,102,143,527,0.67,6.21,8.707,32.087,99,325,424,25.816,1.847,sustainable:290; stewardship:85; ethics:68; engage:37; commitment:26; resilience:22; impact:20; continue to:18; significantly:14; stakeholder:14,82.9
ACGL__main_40.txt,ACGL,Arch Capital Group,main,40,9230,0,438,47.454,438.0,47.454,78,14,69,119,236,1.517,7.476,12.893,25.569,19,121,140,15.168,3.129,sustainable:154; engage:30; resilience:14; impact:14; commitment:13; ethics:10; aligned with:10; framework:9; enable:9; stakeholder:9,82.6
AON__main_35.txt,AON,Aon plc,main,35,11755,0,557,47.384,557.0,47.384,81,21,81,206,249,1.786,6.891,17.524,21.182,16,158,174,14.802,3.201,impact:68; sustainable:65; wellbeing:48; resilience:46; engage:40; commitment:33; enable:16; continue to:14; net zero:12; innovation:12,82.4
JKHY__main_227.txt,JKHY,Jack Henry & Associates,main,227,12725,0,602,47.308,602.0,47.308,95,24,119,179,280,1.886,9.352,14.067,22.004,16,101,117,9.194,5.145,sustainable:101; responsible sourcing:40; commitment:37; inclusion:29; innovation:26; engage:21; impact:20; stakeholder:18; empower:18; ethics:18,82.2
KEY__main_232.txt,KEY,KeyCorp,main,232,36484,0,1718,47.089,1718.0,47.089,112,54,242,366,1056,1.48,6.633,10.032,28.944,179,395,574,15.733,2.993,thrive:496; corporate citizenship:160; sustainable:99; commitment:84; impact:64; engage:52; inclusion:44; empower:43; ethics:39; enable:35,82.0
HPQ__main_207.txt,HPQ,HP Inc.,main,207,65882,0,3078,46.72,3078.0,46.72,126,29,378,1076,1595,0.44,5.738,16.332,24.21,134,818,952,14.45,3.233,sustainable:621; impact:239; empower:185; resilience:174; engage:144; ethics:96; innovation:81; ecosystem:75; stakeholder:73; enable:70,81.8
CHRW__main_447.txt,CHRW,C.H. Robinson,main,447,20887,0,975,46.68,975.0,46.68,106,28,167,390,390,1.341,7.995,18.672,18.672,26,190,216,10.341,4.514,sustainable:207; innovation:100; engage:53; impact:41; continue to:35; ethics:30; stakeholder:26; resilience:24; enable:22; commitment:22,81.6
AIG__main_29.txt,AIG,American International Group,main,29,23782,0,1109,46.632,1109.0,46.632,111,20,240,303,546,0.841,10.092,12.741,22.959,29,191,220,9.251,5.041,sustainable:261; engage:63; continue to:47; impact:45; net zero:43; biodiversity:43; commitment:38; framework:35; stakeholder:26; ethics:25,81.4
CTVA__main_452.txt,CTVA,Corteva,main,452,27375,0,1272,46.466,1272.0,46.466,109,39,158,405,670,1.425,5.772,14.795,24.475,85,361,446,16.292,2.852,sustainable:283; impact:181; innovation:166; biodiversity:67; stewardship:43; engage:26; enable:26; stakeholder:24; continue to:24; resilience:23,81.2
PFG__main_495.txt,PFG,Principal Financial Group,main,495,30300,0,1406,46.403,1406.0,46.403,111,28,207,293,878,0.924,6.832,9.67,28.977,36,512,548,18.086,2.566,sustainable:312; inclusion:122; impact:109; engage:95; sustainable X:88; continue to:46; materiality:42; ESG:39; ethics:34; integrity:24,81.0
ANET__main_43.txt,ANET,Arista Networks,main,43,19431,0,900,46.318,900.0,46.318,105,27,164,231,478,1.39,8.44,11.888,24.6,32,248,280,14.41,3.214,corporate citizenship:134; sustainable:69; impact:55; engage:51; continue to:38; net zero:31; ethics:28; commitment:26; circular economy:22; significantly:20,80.8
FLEX__main_180.txt,FLEX,Flex Ltd.,main,180,31182,0,1441,46.213,1441.0,46.213,111,26,238,428,749,0.834,7.633,13.726,24.02,112,668,780,25.014,1.847,sustainable:329; ethics:85; engage:69; commitment:65; material topics:44; stakeholder:39; materiality:39; alignment:38; circular economy:31; continue to:31,80.6
CTSH__data_103.txt,CTSH,Cognizant,data,103,1430,1,66,46.154,66.0,46.154,11,0,0,7,59,0.0,0.0,4.895,41.259,13,17,30,20.979,2.2,sustainable:28; corporate citizenship:21; ethics:5; framework:4; engage:2; net zero:1; impact:1; innovation:1; wellbeing:1; social impact:1,80.2
IP__main_217.txt,IP,International Paper,main,217,19240,0,888,46.154,888.0,46.154,107,13,183,265,427,0.676,9.511,13.773,22.193,25,218,243,12.63,3.654,sustainable:196; engage:60; commitment:27; impact:27; framework:26; resilience:24; innovation:22; stewardship:21; stakeholder:19; enable:19,80.4
BMY__main_69.txt,BMY,Bristol Myers Squibb,main,69,46321,0,2126,45.897,2126.0,45.897,124,141,312,748,925,3.044,6.736,16.148,19.969,38,600,638,13.773,3.332,impact:283; innovation:123; engage:116; a brighter future:107; sustainable:99; stewardship:89; ethics:89; inclusion:70; enable:54; resilience:50,80.0
CFG__main_96.txt,CFG,Citizens Financial Group,main,96,25596,0,1174,45.867,1174.0,45.867,107,25,173,470,506,0.977,6.759,18.362,19.769,83,306,389,15.198,3.018,impact:166; sustainable:152; foster:80; robust:78; engage:57; innovation:50; commitment:48; ethics:38; inclusion:34; continue to:32,79.8
ALL__main_436.txt,ALL,Allstate,main,436,1463,1,67,45.796,67.0,45.796,27,2,8,22,35,1.367,5.468,15.038,23.923,19,30,49,33.493,1.367,sustainable:18; purpose:7; engage:6; enable:5; impact:4; commitment:3; empower:2; substantially:2; committed to:2; focused on:1,79.5
ROST__page_0.txt,ROST,Ross Stores,page,0,897,1,41,45.708,41.0,45.708,18,1,13,2,25,1.115,14.493,2.23,27.871,2,10,12,13.378,3.417,sustainable:17; aligned with:3; transparency:3; commitment:2; net zero:2; remain committed:2; continue to:1; stakeholder:1; committed to:1; we are proud:1,79.3
SBAC__main_327.txt,SBAC,SBA Communications,main,327,46026,0,2100,45.626,2100.0,45.626,108,14,284,717,1085,0.304,6.17,15.578,23.574,49,486,535,11.624,3.925,sustainable:466; impact:222; human capital:200; stewardship:165; engage:141; ethics:49; framework:47; commitment:47; enable:44; resilience:38,79.1
XYL__main_430.txt,XYL,Xylem Inc.,main,430,60781,0,2773,45.623,2773.0,45.623,126,33,347,878,1515,0.543,5.709,14.445,24.926,87,796,883,14.528,3.14,sustainable:436; impact:358; engage:151; enable:99; resilience:98; commitment:82; decarbonisation:79; ethics:75; innovation:72; stakeholder:62,78.9
SYY__main_355.txt,SYY,Sysco,main,355,21072,0,961,45.606,961.0,45.606,92,81,141,258,481,3.844,6.691,12.244,22.826,57,116,173,8.21,5.555,sustainable:249; people and planet:68; resilience:52; engage:52; impact:47; innovation:45; regenerative:28; commitment:22; stewardship:19; ethics:16,78.7
TXN__data_372.txt,TXN,Texas Instruments,data,372,3317,0,149,44.92,149.0,44.92,48,20,29,25,75,6.03,8.743,7.537,22.611,16,37,53,15.978,2.811,impact:20; sustainable:15; corporate citizenship:12; commitment:9; a brighter future:8; innovation:8; ethics:7; continue to:6; inclusion:4; stakeholder:3,78.5
INTC__main_215.txt,INTC,Intel,main,215,32515,0,1457,44.81,1457.0,44.81,131,44,265,529,619,1.353,8.15,16.269,19.037,77,388,465,14.301,3.133,sustainable:193; corporate citizenship:122; innovation:93; enable:68; engage:54; impact:49; continue to:44; aim to:35; stakeholder:35; ethics:31,78.3
BKNG__main_67.txt,BKNG,Booking Holdings,main,67,7099,0,318,44.795,318.0,44.795,73,6,52,98,162,0.845,7.325,13.805,22.82,6,151,157,22.116,2.025,sustainable:79; impact:22; enable:14; stakeholder:13; continue to:11; engage:11; wellbeing:11; resilience:10; ethics:8; integrity:6,78.1
MS__main_273.txt,MS,Morgan Stanley,main,273,26737,0,1194,44.657,1194.0,44.657,98,23,176,199,796,0.86,6.583,7.443,29.771,105,372,477,17.84,2.503,sustainable:425; impact:142; engage:46; inclusion:41; framework:38; net zero:32; continue to:29; ESG:21; commitment:19; seek to:19,77.9
AOS__main_1.txt,AOS,A. O. Smith,main,1,6427,0,287,44.655,287.0,44.655,66,26,62,78,121,4.045,9.647,12.136,18.827,13,82,95,14.781,3.021,sustainable:60; innovation:27; commitment:21; engage:16; stewardship:15; impact:13; significantly:11; ESG:10; stakeholder:7; foster:6,77.7
IT__main_186.txt,IT,Gartner,main,186,19706,0,879,44.606,879.0,44.606,99,28,109,199,543,1.421,5.531,10.098,27.555,15,210,225,11.418,3.907,sustainable:194; corporate citizenship:154; ethics:37; impact:36; engage:35; inclusion:23; commitment:22; enable:19; continue to:15; empower:14,77.5
PLD__main_497.txt,PLD,Prologis,main,497,16857,0,749,44.433,749.0,44.433,89,14,77,221,437,0.831,4.568,13.11,25.924,94,286,380,22.543,1.971,sustainable:186; impact:98; resilience:75; engage:45; net zero:28; ethics:27; innovation:18; significantly:13; stakeholder:13; stakeholder engagement:12,77.3
MDT__main_262.txt,MDT,Medtronic,main,262,27187,0,1207,44.396,1207.0,44.396,128,68,182,416,541,2.501,6.694,15.301,19.899,47,78,125,4.598,9.656,impact:164; responsible sourcing:78; ethics:77; innovation:75; sustainable:63; engage:46; commitment:35; enable:33; stakeholder:23; integrity:23,77.1
TTWO__main_357.txt,TTWO,Take-Two Interactive,main,357,13822,0,613,44.35,613.0,44.35,100,30,137,204,242,2.17,9.912,14.759,17.508,9,109,118,8.537,5.195,impact:65; sustainable:56; engage:48; commitment:26; ethics:21; transparency:19; committed to:19; continue to:18; inclusion:17; foster:16,76.9
UAL__page_0.txt,UAL,United Airlines Holdings,page,0,564,1,25,44.326,25.0,44.326,19,2,4,8,11,3.546,7.092,14.184,19.504,1,8,9,15.957,2.778,impact:3; sustainable:2; corporate citizenship:2; purpose:2; stakeholder:2; human capital:1; commitment:1; continue to:1; resilience:1; agile:1,76.7
SOLV__main_340.txt,SOLV,Solventum,main,340,31051,0,1372,44.185,1372.0,44.185,109,26,208,298,840,0.837,6.699,9.597,27.052,19,363,382,12.302,3.592,social impact:177; sustainable:170; stewardship:116; accountability:96; engage:74; impact:58; commitment:51; ethics:49; innovation:39; significantly:30,76.4
T__main_44.txt,T,AT&T,main,44,7654,0,338,44.16,338.0,44.16,65,11,51,128,148,1.437,6.663,16.723,19.336,49,135,184,24.04,1.837,sustainable:42; ethics:27; innovation:21; enable:20; resilience:18; engage:16; commitment:13; corporate citizenship:10; integrity:9; committed to:8,76.2
ALLE__main_19.txt,ALLE,Allegion,main,19,4260,0,188,44.131,188.0,44.131,51,8,25,44,111,1.878,5.869,10.329,26.056,10,93,103,24.178,1.825,ESG:37; sustainable:15; ethics:13; engage:12; DEI:8; stakeholder:7; carbon neutral:6; materiality:5; purpose:5; impact:5,76.0
DHR__main_120.txt,DHR,Danaher Corporation,main,120,14414,0,636,44.124,636.0,44.124,85,23,77,185,351,1.596,5.342,12.835,24.351,19,221,240,16.65,2.65,sustainable:212; innovation:64; impact:27; enable:26; material topics:18; ethics:16; commitment:16; inclusion:14; engage:12; framework:11,75.8
ADI__main_34.txt,ADI,Analog Devices,main,34,39242,0,1724,43.933,1724.0,43.933,146,67,297,516,844,1.707,7.568,13.149,21.508,90,512,602,15.341,2.864,ESG:291; sustainable:211; engage:78; enable:63; impact:63; commitment:62; innovation:53; ethics:53; stakeholder:41; continue to:39,75.6
HUBB__main_208.txt,HUBB,Hubbell Incorporated,main,208,43143,0,1895,43.924,1895.0,43.924,129,39,223,507,1126,0.904,5.169,11.752,26.099,44,443,487,11.288,3.891,sustainable:322; impact:208; accountability:152; stewardship:133; engage:101; ethics:90; inclusion:57; commitment:40; innovation:37; enable:36,75.4
LH__main_240.txt,LH,Labcorp,main,240,15102,0,663,43.901,663.0,43.901,90,13,84,190,376,0.861,5.562,12.581,24.897,17,229,246,16.289,2.695,sustainable:118; corporate citizenship:89; engage:46; impact:45; resilience:31; commitment:25; ethics:24; materiality:20; wellbeing:18; innovation:14,75.2
ITW__main_213.txt,ITW,Illinois Tool Works,main,213,7951,0,348,43.768,348.0,43.768,69,12,58,100,178,1.509,7.295,12.577,22.387,21,106,127,15.973,2.74,sustainable:72; ethics:44; innovation:22; inclusion:17; framework:14; commitment:14; impact:13; engage:9; enable:7; responsible sourcing:7,75.0
INTU__main_218.txt,INTU,Intuit,main,218,23905,0,1044,43.673,1044.0,43.673,121,49,143,432,420,2.05,5.982,18.072,17.57,91,109,200,8.366,5.22,impact:151; stakeholder:128; sustainable:78; engage:58; commitment:38; innovation:32; empower:23; ethics:21; framework:19; inclusion:18,74.8
TECH__data_59.txt,TECH,Bio-Techne,data,59,252,1,11,43.651,11.0,43.651,7,0,1,7,3,0.0,3.968,27.778,11.905,2,4,6,23.81,1.833,pillar:4; sustainable:2; integrity:1; expect to:1; catalyse:1; framework:1; unlock:1,74.6
NSC__main_283.txt,NSC,,main,283,1422,1,62,43.601,62.0,43.601,28,18,7,16,21,12.658,4.923,11.252,14.768,16,42,58,40.788,1.069,a brighter future:17; accountability:6; resilience:4; engage:4; focused on:3; sustainable:3; regenerative:2; safety culture:2; thrive:2; empower:1,74.4
META__main_264.txt,META,Meta Platforms,main,264,16019,0,698,43.573,698.0,43.573,96,10,125,206,357,0.624,7.803,12.86,22.286,53,184,237,14.795,2.945,sustainable:149; net zero:38; biodiversity:30; enable:28; resilience:24; responsible sourcing:23; engage:21; impact:18; aim to:18; ecosystem:17,74.2
SNPS__main_354.txt,SNPS,Synopsys,main,354,20500,0,892,43.512,892.0,43.512,103,16,138,323,415,0.78,6.732,15.756,20.244,42,151,193,9.415,4.622,responsible sourcing:151; engage:62; ethics:59; sustainable:51; innovation:49; impact:43; enable:38; social impact:26; commitment:21; integrity:19,74.0
DELL__main_124.txt,DELL,Dell Technologies,main,124,52021,0,2263,43.502,2263.0,43.502,112,22,253,559,1429,0.423,4.863,10.746,27.47,71,239,310,5.959,7.3,inclusion:341; ESG:237; circular economy:161; climate action:135; sustainable:118; engage:86; impact:78; ethics:77; innovation:71; key driver:66,73.8
TGT__data_363.txt,TGT,Target Corporation,data,363,28377,0,1231,43.38,1231.0,43.38,83,13,161,246,811,0.458,5.674,8.669,28.579,88,633,721,25.408,1.707,sustainable:434; transparency:99; engage:89; responsible sourcing:65; ethics:55; impact:41; commitment:37; framework:37; stakeholder:26; biodiversity:20,73.6
AMCR__main_26.txt,AMCR,Amcor,main,26,46109,0,1994,43.245,1994.0,43.245,130,65,247,605,1077,1.41,5.357,13.121,23.358,104,367,471,10.215,4.234,sustainable:413; circular economy:194; innovation:125; engage:123; impact:99; materiality:64; biodiversity:60; empower:49; enable:41; focused on:38,73.3
PNR__main_295.txt,PNR,Pentair,main,295,15170,0,656,43.243,656.0,43.243,85,21,130,143,362,1.384,8.57,9.426,23.863,19,274,293,19.314,2.239,sustainable:212; impact:32; innovation:27; continue to:24; stewardship:24; focused on:16; ethics:16; engage:15; commitment:15; enable:13,73.1
ULTA__main_385.txt,ULTA,Ulta Beauty,main,385,17580,0,759,43.174,759.0,43.174,96,27,145,259,328,1.536,8.248,14.733,18.658,29,224,253,14.391,3.0,corporate citizenship:75; engage:54; sustainable:51; wellbeing:46; continue to:44; inclusion:39; impact:24; innovation:23; empower:23; resilience:20,72.9
L__main_474.txt,L,Loews Corporation,main,474,1854,1,80,43.15,80.0,43.15,30,1,21,32,26,0.539,11.327,17.26,14.024,1,1,2,1.079,40.0,engage:8; framework:8; sustainable:7; seek to:7; commitment:6; ethics:4; human capital:3; impact:3; committed to:3; foster:3,72.7
WM__main_414.txt,WM,Waste Management,main,414,14273,0,615,43.088,615.0,43.088,97,25,103,243,244,1.752,7.216,17.025,17.095,50,288,338,23.681,1.82,sustainable:136; innovation:63; resilience:43; engage:26; continue to:21; impact:20; circular economy:15; enable:15; commitment:12; empower:12,72.5
ETN__main_144.txt,ETN,Eaton Corporation,main,144,46805,0,2016,43.072,2016.0,43.072,107,11,344,587,1074,0.235,7.35,12.541,22.946,49,335,384,8.204,5.25,sustainable:362; ethics:157; nurture:85; engage:84; materiality:68; impact:64; commitment:63; resilience:55; framework:49; where possible:45,72.3
V__main_406.txt,V,Visa Inc.,main,406,20234,0,871,43.046,871.0,43.046,93,7,140,292,432,0.346,6.919,14.431,21.35,16,125,141,6.968,6.177,sustainable:115; ethics:62; corporate citizenship:61; engage:57; stakeholder:31; framework:29; enable:25; inclusion:25; materiality:24; ecosystem:23,72.1
AXON__main_49.txt,AXON,Axon Enterprise,main,49,12008,0,516,42.971,516.0,42.971,90,38,78,189,211,3.165,6.496,15.74,17.572,3,77,80,6.662,6.45,innovation:54; ethics:35; sustainable:34; transparency:30; impact:24; accountability:22; integrity:22; commitment:22; framework:21; inclusion:15,71.9
HII__page_0.txt,HII,Huntington Ingalls Industries,page,0,18456,0,793,42.967,793.0,42.967,84,5,149,304,335,0.271,8.073,16.472,18.151,27,152,179,9.699,4.43,sustainable:143; engage:90; ethics:81; commitment:59; roadmap:38; alignment:22; accountability:21; resilience:15; innovation:15; integrity:15,71.7
FDX__data_173.txt,FDX,FedEx,data,173,6497,0,279,42.943,279.0,42.943,36,0,32,31,216,0.0,4.925,4.771,33.246,1,241,242,37.248,1.153,corporate citizenship:151; sustainable:18; impact:14; integrity:13; significantly:10; engage:9; resilience:8; material topics:8; commitment:5; transparency:3,71.5
O__main_311.txt,O,Realty Income,main,311,38712,0,1661,42.907,1661.0,42.907,93,4,324,440,893,0.103,8.369,11.366,23.068,25,488,513,13.252,3.238,sustainable:417; impact:146; engage:105; continue to:101; stakeholder:54; material topics:50; ethics:48; framework:44; resilience:43; alignment:39,71.3
SHW__main_333.txt,SHW,Sherwin-Williams,main,333,15748,0,674,42.799,674.0,42.799,78,12,103,156,403,0.762,6.541,9.906,25.591,76,286,362,22.987,1.862,sustainable:200; ethics:78; environmental footprint:54; engage:46; innovation:18; continue to:18; significantly:16; impact:14; commitment:14; aligned with:12,71.1
TFC__data_382.txt,TFC,Truist Financial,data,382,3599,0,154,42.79,154.0,42.79,32,0,20,47,87,0.0,5.557,13.059,24.173,5,141,146,40.567,1.055,corporate citizenship:32; framework:20; ethics:19; responsible sourcing:13; sustainable:9; engage:8; stakeholder engagement:5; strive to:4; significantly:4; stakeholder:4,70.9
EBAY__main_145.txt,EBAY,eBay Inc.,main,145,15341,0,652,42.5,652.0,42.5,94,25,125,145,357,1.63,8.148,9.452,23.271,49,370,419,27.312,1.556,impact:126; sustainable:48; continue to:28; inclusion:23; innovation:21; ethics:21; empower:20; engage:18; commitment:16; net zero:16,70.7
TEL__main_364.txt,TEL,TE Connectivity,main,364,15694,0,666,42.437,666.0,42.437,96,26,104,222,314,1.657,6.627,14.146,20.008,54,288,342,21.792,1.947,sustainable:78; wellbeing:41; ethics:39; engage:37; innovation:36; impact:36; commitment:30; inclusion:28; enable:24; corporate citizenship:16,70.5
NDAQ__page_0.txt,NDAQ,,page,0,33502,0,1411,42.117,1411.0,42.117,113,23,232,466,690,0.687,6.925,13.91,20.596,19,361,380,11.343,3.713,sustainable:298; engage:100; ethics:52; impact:44; framework:42; innovation:42; resilience:40; transparency:38; enable:38; continue to:35,70.2
MRK__main_263.txt,MRK,Merck & Co.,main,263,57162,0,2406,42.091,2406.0,42.091,135,51,416,678,1261,0.892,7.278,11.861,22.06,111,984,1095,19.156,2.197,sustainable:367; impact:232; ethics:222; innovation:112; engage:97; commitment:97; enable:78; inclusion:69; wellbeing:54; continue to:52,70.0
EFX__main_158.txt,EFX,Equifax,main,158,5539,0,233,42.065,233.0,42.065,38,2,84,72,75,0.361,15.165,12.999,13.54,0,127,127,22.928,1.835,commitment:39; engage:30; science-based:22; decarbonisation:15; continue to:13; stakeholder:12; net zero:12; sustainable:9; impact:7; framework:7,69.8
WMT__main_411.txt,WMT,Walmart,main,411,76301,0,3201,41.952,3201.0,41.952,117,81,442,1063,1615,1.062,5.793,13.932,21.166,329,259,588,7.706,5.444,sustainable:415; ethics:295; engage:245; integrity:201; ESG:189; resilience:166; framework:86; circular economy:85; enable:77; stakeholder:72,69.6
LULU__main_249.txt,LULU,Lululemon Athletica,main,249,19496,0,816,41.855,816.0,41.855,82,9,188,180,439,0.462,9.643,9.233,22.517,104,491,595,30.519,1.371,impact:156; wellbeing:89; innovation:46; continue to:39; social impact:39; inclusion:22; science-based:18; plan to:18; focused on:17; engage:17,69.4
GEV__main_190.txt,GEV,GE Vernova,main,190,72393,0,3028,41.827,3028.0,41.827,142,73,553,880,1522,1.008,7.639,12.156,21.024,117,693,810,11.189,3.738,sustainable:498; decarbonisation:248; thrive:170; enable:120; engage:115; innovation:112; impact:99; framework:87; continue to:79; commitment:77,69.2
ACN__main_5.txt,ACN,Accenture,main,5,24030,0,1004,41.781,1004.0,41.781,114,33,218,345,408,1.373,9.072,14.357,16.979,77,247,324,13.483,3.099,sustainable:135; impact:64; ethics:53; continue to:46; inclusion:37; enable:37; engage:36; commitment:36; innovation:33; ecosystem:29,69.0
VST__main_407.txt,VST,Vistra Corp.,main,407,26117,0,1091,41.774,1091.0,41.774,95,16,154,406,515,0.613,5.897,15.545,19.719,68,271,339,12.98,3.218,sustainable:279; innovation:109; stewardship:88; human capital:85; engage:50; impact:38; stakeholder:29; continue to:23; significantly:21; responsible sourcing:19,68.8
MCD__main_259.txt,MCD,McDonald's,main,259,24051,0,1002,41.661,1002.0,41.661,110,40,240,275,447,1.663,9.979,11.434,18.586,44,359,403,16.756,2.486,impact:108; inclusion:96; empower:68; sustainable:56; purpose:54; continue to:44; commitment:44; engage:27; resilience:24; foster:21,68.6
MMM__main_0.txt,MMM,3M,main,0,23490,0,977,41.592,977.0,41.592,101,19,183,285,490,0.809,7.791,12.133,20.86,27,254,281,11.963,3.477,sustainable:122; innovation:117; impact:96; circular economy:88; commitment:41; significantly:37; material topics:33; engage:33; stewardship:30; integrity:29,68.4
TECH__main_58.txt,TECH,Bio-Techne,main,58,22904,0,952,41.565,952.0,41.565,107,44,132,297,479,1.921,5.763,12.967,20.913,27,220,247,10.784,3.854,sustainable:193; integrity:105; innovation:54; ethics:42; engage:40; commitment:39; impact:39; empower:24; enable:21; pillar:19,68.2
IQV__main_222.txt,IQV,IQVIA,main,222,32270,0,1341,41.556,1341.0,41.556,102,30,214,476,621,0.93,6.632,14.751,19.244,18,355,373,11.559,3.595,sustainable:305; ethics:103; engage:93; innovation:83; impact:65; commitment:56; enable:53; stakeholder:49; accelerate:38; continue to:32,68.0
DPZ__main_134.txt,DPZ,Domino's,main,134,6041,0,251,41.549,251.0,41.549,68,11,73,67,100,1.821,12.084,11.091,16.554,13,49,62,10.263,4.048,stewardship:20; commitment:19; impact:18; engage:15; stakeholder:12; continue to:12; transparency:8; science-based:8; inclusion:8; materiality:7,67.8
PANW__main_290.txt,PANW,Palo Alto Networks,main,290,19871,0,825,41.518,825.0,41.518,103,15,114,312,384,0.755,5.737,15.701,19.325,13,180,193,9.713,4.275,corporate citizenship:94; integrity:72; sustainable:59; engage:50; ethics:43; innovation:28; commitment:23; impact:23; stakeholder:20; enable:18,67.6
COO__main_111.txt,COO,Cooper Companies (The),main,111,8530,0,354,41.501,354.0,41.501,72,10,48,111,185,1.172,5.627,13.013,21.688,17,118,135,15.826,2.622,sustainable:89; framework:23; thrive:22; impact:18; innovation:18; engage:16; ethics:13; stakeholder:12; continue to:11; materiality:9,67.4
ARE__main_17.txt,ARE,Alexandria Real Estate Equities,main,17,22124,0,918,41.493,918.0,41.493,97,64,171,365,318,2.893,7.729,16.498,14.374,24,314,338,15.278,2.716,sustainable:92; corporate citizenship:82; innovation:72; engage:60; ecosystem:53; impact:33; resilience:28; enable:27; significantly:26; continue to:25,67.1
PNC__main_301.txt,PNC,PNC Financial Services,main,301,37750,0,1563,41.404,1563.0,41.404,114,43,264,424,832,1.139,6.993,11.232,22.04,236,429,665,17.616,2.35,corporate citizenship:224; sustainable X:119; responsible sourcing:105; engage:99; ethics:95; commitment:71; impact:60; inclusion:58; framework:53; continue to:47,66.9
MRSH__main_481.txt,MRSH,Marsh McLennan,main,481,22052,0,913,41.402,913.0,41.402,113,39,157,220,497,1.769,7.12,9.976,22.538,20,279,299,13.559,3.054,ESG:144; sustainable:68; inclusion:56; engage:44; commitment:38; impact:37; ethics:33; resilience:25; committed to:23; net zero:22,66.7
FICO__page_0.txt,FICO,,page,0,1305,1,54,41.379,54.0,41.379,33,2,21,14,17,1.533,16.092,10.728,13.027,0,1,1,0.766,54.0,committed to:4; sustainable:3; best practice:3; ethics:3; inclusion:3; commitment:3; innovation:3; engage:3; aligned with:2; take steps:2,66.5
ZTS__main_433.txt,ZTS,Zoetis,main,433,14457,0,597,41.295,597.0,41.295,90,53,104,136,304,3.666,7.194,9.407,21.028,40,216,256,17.708,2.332,sustainable:136; a brighter future:40; ESG:36; innovation:29; impact:22; commitment:20; engage:18; continue to:16; aspiration:15; purpose:14,66.3
MSI__main_274.txt,MSI,Motorola Solutions,main,274,18075,0,746,41.272,746.0,41.272,96,23,145,219,359,1.272,8.022,12.116,19.862,50,384,434,24.011,1.719,corporate citizenship:102; sustainable:51; engage:39; continue to:35; commitment:35; impact:34; ethics:30; inclusion:23; human capital:21; innovation:16,66.1
ALB__main_16.txt,ALB,Albemarle Corporation,main,16,20055,0,826,41.187,826.0,41.187,103,25,142,222,437,1.247,7.081,11.07,21.79,32,387,419,20.893,1.971,sustainable:236; engage:54; ethics:31; innovation:27; commitment:23; enable:20; transparency:20; continue to:17; stakeholder:15; circular economy:13,65.9
HII__main_210.txt,HII,Huntington Ingalls Industries,main,210,20809,0,854,41.04,854.0,41.04,81,5,148,322,379,0.24,7.112,15.474,18.213,27,216,243,11.678,3.514,sustainable:165; engage:110; ethics:98; commitment:61; roadmap:38; alignment:22; accountability:21; purpose:16; resilience:15; integrity:15,65.7
CPT__main_73.txt,CPT,Camden Property Trust,main,73,21603,0,886,41.013,886.0,41.013,90,73,148,210,455,3.379,6.851,9.721,21.062,18,337,355,16.433,2.496,sustainable:143; purpose:72; corporate citizenship:70; engage:57; people and planet:55; impact:33; committed to:33; stakeholder:30; continue to:28; ethics:24,65.5
PSKY__main_291.txt,PSKY,Paramount Skydance Corporation,main,291,33011,0,1352,40.956,1352.0,40.956,118,38,238,269,807,1.151,7.21,8.149,24.446,23,392,415,12.572,3.258,sustainable:237; social impact:131; ESG:98; engage:92; inclusion:91; continue to:48; material topics:44; commitment:34; ethics:31; impact:30,65.3
TPR__main_359.txt,TPR,"Tapestry, Inc.",main,359,24088,0,986,40.933,986.0,40.933,122,63,190,337,396,2.615,7.888,13.99,16.44,27,195,222,9.216,4.441,corporate citizenship:96; framework:86; empower:46; continue to:45; sustainable:41; impact:37; commitment:32; engage:31; biodiversity:30; resilience:24,65.1
JCI__main_230.txt,JCI,Johnson Controls,main,230,30481,0,1240,40.681,1240.0,40.681,119,39,205,273,723,1.279,6.726,8.956,23.72,60,388,448,14.698,2.768,sustainable:419; engage:57; ethics:54; significantly:42; commitment:38; impact:34; decarbonisation:31; innovation:30; enable:25; net zero:22,64.9
KMB__main_234.txt,KMB,Kimberly-Clark,main,234,10900,0,443,40.642,443.0,40.642,78,21,92,132,198,1.927,8.44,12.11,18.165,9,97,106,9.725,4.179,sustainable:65; purpose:35; innovation:18; resilience:17; engage:17; continue to:16; impact:14; framework:14; commitment:14; stakeholder:10,64.7
LYB__main_251.txt,LYB,LyondellBasell,main,251,61934,0,2513,40.575,2513.0,40.575,136,331,345,879,958,5.344,5.57,14.193,15.468,100,698,798,12.885,3.149,sustainable:490; unlock:167; pioneering:152; transformative:150; engage:110; enable:76; stakeholder:68; impact:66; innovation:65; framework:60,64.5
IDXX__main_212.txt,IDXX,Idexx Laboratories,main,212,17109,0,689,40.271,689.0,40.271,85,43,143,199,304,2.513,8.358,11.631,17.768,25,216,241,14.086,2.859,corporate citizenship:72; ethics:61; sustainable:44; engage:43; people and planet:39; impact:36; innovation:29; wellbeing:29; continue to:28; commitment:22,64.3
AVY__data_48.txt,AVY,Avery Dennison,data,48,14639,0,589,40.235,589.0,40.235,78,6,97,134,352,0.41,6.626,9.154,24.045,8,443,451,30.808,1.306,sustainable:124; ESG:85; engage:29; circular economy:28; innovation:27; impact:25; alignment:20; ethics:19; transparency:17; enable:16,64.0
INVH__main_221.txt,INVH,Invitation Homes,main,221,15644,0,629,40.207,629.0,40.207,102,30,134,212,253,1.918,8.566,13.552,16.172,11,111,122,7.799,5.156,sustainable:100; engage:51; commitment:34; impact:27; ethics:18; continue to:17; purpose:16; corporate citizenship:16; transparency:15; empower:15,63.8
KVUE__page_0.txt,KVUE,,page,0,37649,0,1513,40.187,1513.0,40.187,126,32,367,449,665,0.85,9.748,11.926,17.663,61,299,360,9.562,4.203,sustainable:183; commitment:113; innovation:94; impact:80; engage:72; wellbeing:49; decarbonisation:40; transparency:38; aim to:35; continue to:34,63.6
EQIX__main_160.txt,EQIX,Equinix,main,160,24190,0,970,40.099,970.0,40.099,122,12,149,347,462,0.496,6.16,14.345,19.099,71,387,458,18.933,2.118,sustainable:194; engage:47; impact:46; enable:36; innovation:30; inclusion:28; framework:27; stakeholder:27; optimise:26; resilience:24,63.4
KHC__main_471.txt,KHC,Kraft Heinz,main,471,32476,0,1302,40.091,1302.0,40.091,124,44,297,248,713,1.355,9.145,7.636,21.955,110,562,672,20.692,1.938,ESG:157; sustainable:104; stewardship:95; responsible sourcing:91; continue to:67; commitment:42; engage:42; impact:34; inclusion:32; committed to:28,63.2
APO__main_437.txt,APO,Apollo Global Management,main,437,33876,0,1358,40.087,1358.0,40.087,126,31,195,465,667,0.915,5.756,13.727,19.689,81,290,371,10.952,3.66,sustainable:435; engage:83; framework:65; impact:49; decarbonisation:33; stakeholder:30; enable:30; significantly:29; empower:27; ethics:21,63.0
SPGI__main_324.txt,SPGI,S&P Global,main,324,22110,0,886,40.072,886.0,40.072,90,11,111,281,483,0.498,5.02,12.709,21.845,37,284,321,14.518,2.76,impact:114; sustainable:106; engage:67; ecosystem:51; biodiversity:50; ethics:40; wellbeing:30; integrity:26; continue to:24; innovation:22,62.8
RL__main_309.txt,RL,Ralph Lauren Corporation,main,309,19917,0,798,40.066,798.0,40.066,88,11,149,175,463,0.552,7.481,8.786,23.246,10,244,254,12.753,3.142,sustainable:218; impact:44; engage:41; biodiversity:37; circular economy:33; continue to:32; materiality:22; aligned with:21; significantly:20; committed to:20,62.6
MO__page_0.txt,MO,,page,0,1106,1,44,39.783,44.0,39.783,22,3,12,12,17,2.712,10.85,10.85,15.371,1,20,21,18.987,2.095,stakeholder:8; ESG:5; engage:4; inclusion:4; commitment:2; committed to:2; transparency:2; aligned with:2; significantly:2; continue to:1,62.4
PM__main_300.txt,PM,Philip Morris International,main,300,92987,0,3697,39.758,3697.0,39.758,157,84,851,1261,1501,0.903,9.152,13.561,16.142,338,1504,1842,19.809,2.007,impact:447; sustainable:282; aspiration:153; continue to:126; engage:123; framework:106; significantly:103; resilience:97; enable:91; stakeholder:88,62.2
GS__page_0.txt,GS,,page,0,680,1,27,39.706,27.0,39.706,14,0,7,5,15,0.0,10.294,7.353,22.059,0,6,6,8.824,4.5,sustainable:6; purpose:6; engage:3; continue to:2; commitment:1; integrity:1; ethics:1; stakeholder:1; committed to:1; aspire to:1,62.0
COHR__main_104.txt,COHR,Coherent Corp.,main,104,20784,0,824,39.646,824.0,39.646,110,25,127,239,433,1.203,6.11,11.499,20.833,43,49,92,4.426,8.957,sustainable:258; innovation:38; ethics:32; engage:31; impact:26; stakeholder:21; enable:20; aligned with:17; continue to:15; committed to:14,61.8
LHX__main_239.txt,LHX,L3Harris,main,239,14239,0,564,39.61,564.0,39.61,80,10,127,189,238,0.702,8.919,13.273,16.715,4,188,192,13.484,2.938,sustainable:140; ethics:36; commitment:30; continue to:25; innovation:24; engage:21; stakeholder:16; impact:15; human capital:13; enable:13,61.6
ICE__page_0.txt,ICE,,page,0,557,1,22,39.497,22.0,39.497,13,1,1,8,12,1.795,1.795,14.363,21.544,0,1,1,1.795,22.0,sustainable:7; stakeholder:3; impact:2; transparency:1; at the heart of:1; foster:1; enable:1; stakeholder engagement:1; purpose:1; materiality:1,61.4
CMI__main_117.txt,CMI,Cummins,main,117,25906,0,1023,39.489,1023.0,39.489,115,31,223,339,430,1.197,8.608,13.086,16.598,109,378,487,18.799,2.101,sustainable:105; engage:72; commitment:61; ethics:51; impact:47; inclusion:45; innovation:44; continue to:44; enable:38; circular economy:28,61.2
MDLZ__main_270.txt,MDLZ,Mondelez International,main,270,45410,0,1791,39.441,1791.0,39.441,134,55,468,560,708,1.211,10.306,12.332,15.591,34,535,569,12.53,3.148,sustainable:285; engage:108; impact:93; continue to:90; aim to:75; stakeholder:67; biodiversity:60; helps to reduce:51; ecosystem:36; ethics:36,61.0
STZ__main_109.txt,STZ,Constellation Brands,main,109,17595,0,693,39.386,693.0,39.386,91,9,155,176,353,0.512,8.809,10.003,20.063,56,229,285,16.198,2.432,impact:95; ESG:73; sustainable:43; engage:41; stewardship:32; continue to:32; resilience:22; contribute to:21; commitment:18; enable:17,60.7
TFC__main_381.txt,TFC,Truist Financial,main,381,20143,0,788,39.12,788.0,39.12,89,22,128,222,416,1.092,6.355,11.021,20.652,122,150,272,13.503,2.897,corporate citizenship:111; sustainable:89; responsible sourcing:67; impact:39; engage:38; purpose:29; commitment:29; stakeholder:23; wellbeing:21; ethics:17,60.5
SW__main_337.txt,SW,Smurfit Westrock,main,337,58596,0,2290,39.081,2290.0,39.081,122,54,450,502,1284,0.922,7.68,8.567,21.913,94,466,560,9.557,4.089,sustainable:589; impact:194; engage:78; innovation:71; commitment:57; significantly:55; continue to:53; stakeholder:52; inclusion:46; circular economy:44,60.3
PAYX__main_293.txt,PAYX,Paychex,main,293,10373,0,405,39.044,405.0,39.044,79,31,65,108,201,2.989,6.266,10.412,19.377,30,51,81,7.809,5.0,ethics:63; engage:27; corporate citizenship:20; commitment:20; impact:20; wellbeing:19; purpose:12; empower:12; continue to:11; stakeholder:11,60.1
NOC__main_284.txt,NOC,Northrop Grumman,main,284,10922,0,426,39.004,426.0,39.004,87,19,95,135,177,1.74,8.698,12.36,16.206,53,128,181,16.572,2.354,sustainable:77; ethics:26; commitment:21; engage:20; impact:14; best practice:12; innovation:12; leverage:11; enable:11; continue to:10,59.9
LOW__main_247.txt,LOW,Lowe's,main,247,24624,0,959,38.946,959.0,38.946,97,21,222,225,491,0.853,9.016,9.137,19.94,117,404,521,21.158,1.841,sustainable:188; corporate citizenship:69; continue to:46; impact:42; engage:40; plan to:33; inclusion:30; commitment:29; alignment:28; ethics:28,59.7
BALL__main_51.txt,BALL,Ball Corporation,main,51,14084,0,548,38.909,548.0,38.909,100,30,96,183,239,2.13,6.816,12.993,16.97,117,284,401,28.472,1.367,sustainable:95; innovation:34; commitment:26; inclusion:23; engage:22; enable:19; circular economy:18; continue to:17; ethics:12; stakeholder:10,59.5
META__page_0.txt,META,Meta Platforms,page,0,16040,0,624,38.903,624.0,38.903,96,11,128,207,278,0.686,7.98,12.905,17.332,57,116,173,10.786,3.607,sustainable:80; net zero:39; enable:28; resilience:24; biodiversity:22; engage:21; aim to:18; impact:18; responsible sourcing:18; ecosystem:17,59.3
VRTX__main_401.txt,VRTX,Vertex Pharmaceuticals,main,401,14047,0,544,38.727,544.0,38.727,92,42,108,157,237,2.99,7.688,11.177,16.872,39,167,206,14.665,2.641,impact:59; corporate citizenship:54; sustainable:31; engage:30; innovation:28; transformative:21; continue to:20; ethics:20; commitment:17; wellbeing:15,59.1
IRM__main_223.txt,IRM,Iron Mountain,main,223,18551,0,717,38.65,717.0,38.65,104,22,124,200,371,1.186,6.684,10.781,19.999,46,489,535,28.839,1.34,sustainable:146; engage:39; ethics:37; impact:31; materiality:31; commitment:23; innovation:19; significantly:18; stakeholder:17; resilience:14,58.9
MCHP__main_478.txt,MCHP,Microchip Technology,main,478,22472,0,863,38.403,863.0,38.403,109,20,182,244,417,0.89,8.099,10.858,18.556,29,398,427,19.001,2.021,sustainable:196; commitment:33; engage:32; ethics:32; innovation:29; significantly:28; enable:27; impact:23; stakeholder:21; biodiversity:20,58.7
AES__main_10.txt,AES,AES Corporation,main,10,20417,0,784,38.399,784.0,38.399,87,40,96,249,399,1.959,4.702,12.196,19.543,133,322,455,22.285,1.723,sustainable:137; accountability:69; ethics:37; innovation:31; impact:30; wellbeing:30; engage:30; empower:28; stakeholder:26; stakeholder engagement:25,58.5
CAT__main_75.txt,CAT,Caterpillar Inc.,main,75,25365,0,973,38.36,973.0,38.36,111,31,160,274,508,1.222,6.308,10.802,20.028,55,415,470,18.529,2.07,sustainable:319; engage:85; ESG:37; commitment:33; impact:31; enable:30; innovation:26; resilience:21; stewardship:18; continue to:18,58.3
RSG__main_316.txt,RSG,Republic Services,main,316,10522,0,403,38.301,403.0,38.301,80,13,85,93,212,1.236,8.078,8.839,20.148,26,145,171,16.252,2.357,sustainable:92; climate ambition:34; engage:29; impact:16; commitment:15; circular economy:14; continue to:13; framework:11; enable:11; ethics:10,58.1
HON__main_204.txt,HON,Honeywell Technologies,main,204,22000,0,842,38.273,842.0,38.273,105,35,131,256,420,1.591,5.955,11.636,19.091,51,176,227,10.318,3.709,impact:109; engage:59; integrity:57; sustainable:56; commitment:30; innovation:29; ESG:24; stewardship:19; enable:19; inclusion:19,57.9
DOW__main_139.txt,DOW,Dow Inc.,main,139,56936,0,2171,38.131,2171.0,38.131,140,56,406,748,961,0.984,7.131,13.138,16.879,152,804,956,16.791,2.271,sustainable:213; engage:149; impact:103; biodiversity:83; stakeholder:80; ecosystem:74; significantly:71; inclusion:65; resilience:64; circular economy:62,57.6
EFX__data_159.txt,EFX,Equifax,data,159,2924,0,111,37.962,111.0,37.962,40,3,24,42,42,1.026,8.208,14.364,14.364,4,31,35,11.97,3.171,engage:14; innovation:8; integrity:8; sustainable:8; ethics:8; commitment:7; transparency:6; committed to:5; wellbeing:4; continue to:3,57.4
QCOM__main_307.txt,QCOM,Qualcomm,main,307,22410,0,850,37.929,850.0,37.929,100,23,152,248,427,1.026,6.783,11.066,19.054,52,286,338,15.083,2.515,sustainable:133; corporate citizenship:103; engage:50; innovation:39; impact:29; ethics:26; continue to:25; commitment:22; resilience:20; stakeholder:20,57.2
DLR__main_129.txt,DLR,Digital Realty,main,129,23994,0,910,37.926,910.0,37.926,92,9,156,215,530,0.375,6.502,8.961,22.089,31,278,309,12.878,2.945,impact:168; sustainable:147; engage:42; material topics:40; ethics:30; alignment:28; resilience:23; biodiversity:19; committed to:18; significantly:18,57.0
PSA__main_498.txt,PSA,Public Storage,main,498,21731,0,823,37.872,823.0,37.872,109,31,150,215,427,1.427,6.903,9.894,19.649,37,219,256,11.78,3.215,sustainable:219; impact:53; engage:49; stakeholder:35; inclusion:26; commitment:20; human capital:18; committed to:17; ethics:16; continue to:15,56.8
CEG__main_110.txt,CEG,Constellation Energy,main,110,21007,0,795,37.845,795.0,37.845,101,25,136,307,327,1.19,6.474,14.614,15.566,149,253,402,19.136,1.978,sustainable:134; engage:62; enable:30; innovation:29; commitment:28; ethics:26; continue to:23; impact:22; stakeholder:22; empower:22,56.6
XYZ__main_63.txt,XYZ,"Block, Inc.",main,63,874,1,33,37.757,33.0,37.757,21,1,4,5,23,1.144,4.577,5.721,26.316,7,10,17,19.451,1.941,sustainable:7; carbon offsets:5; impact:2; purpose:2; stewardship:1; at the heart of:1; expect to:1; continue to:1; innovation:1; stakeholder:1,56.4
BAC__main_53.txt,BAC,Bank of America,main,53,29687,0,1120,37.727,1120.0,37.727,96,13,208,239,660,0.438,7.006,8.051,22.232,121,385,506,17.044,2.213,sustainable:355; impact:54; engage:47; net zero:33; continue to:31; significantly:31; carbon offsets:28; framework:28; biodiversity:23; responsible sourcing:22,56.2
WRB__main_408.txt,WRB,W. R. Berkley Corporation,main,408,23038,0,869,37.72,869.0,37.72,89,17,149,310,393,0.738,6.468,13.456,17.059,30,165,195,8.464,4.456,sustainable:209; pillar:68; ethics:43; framework:42; impact:37; engage:34; innovation:29; human capital:29; transparency:29; continue to:28,56.0
WAB__data_410.txt,WAB,Wabtec,data,410,6399,0,241,37.662,241.0,37.662,56,2,74,59,106,0.313,11.564,9.22,16.565,3,33,36,5.626,6.694,sustainable:29; impact:25; significantly:16; decarbonisation:15; ESG:13; enable:10; stakeholder:9; commitment:8; innovation:8; plan to:7,55.8
HAL__main_199.txt,HAL,Halliburton,main,199,10969,0,412,37.56,412.0,37.56,70,11,61,117,223,1.003,5.561,10.666,20.33,38,155,193,17.595,2.135,sustainable:98; ethics:49; engage:36; commitment:18; impact:15; stakeholder:13; significantly:12; transparency:11; pillar:11; biodiversity:8,55.6
LULU__data_250.txt,LULU,Lululemon Athletica,data,250,7881,0,296,37.559,296.0,37.559,44,0,28,48,220,0.0,3.553,6.091,27.915,1,209,210,26.646,1.41,impact:102; climate action:25; sustainable:19; material topics:12; materiality:10; science-based:9; stakeholder engagement:9; ethics:9; wellbeing:8; innovation:7,55.4
VICI__main_405.txt,VICI,Vici Properties,main,405,21711,0,815,37.539,815.0,37.539,83,17,160,260,378,0.783,7.37,11.975,17.411,35,214,249,11.469,3.273,sustainable:166; engage:103; corporate citizenship:72; impact:50; commitment:35; stakeholder:32; continue to:30; framework:25; pillar:18; significantly:16,55.2
GE__data_188.txt,GE,GE Aerospace,data,188,13489,0,506,37.512,506.0,37.512,64,5,73,130,298,0.371,5.412,9.637,22.092,17,297,314,23.278,1.611,sustainable:145; stakeholder engagement:48; ethics:33; engage:28; integrity:26; commitment:23; net zero:13; wellbeing:11; materiality:10; sustainable X:10,55.0
FIS__main_175.txt,FIS,Fidelity National Information Services,main,175,25654,0,962,37.499,962.0,37.499,79,2,120,247,593,0.078,4.678,9.628,23.115,26,531,557,21.712,1.727,sustainable:196; ethics:170; impact:58; integrity:49; engage:43; inclusion:31; stakeholder:24; commitment:23; empower:23; framework:21,54.8
DPZ__data_135.txt,DPZ,Domino's,data,135,2590,0,97,37.452,97.0,37.452,26,0,10,19,68,0.0,3.861,7.336,26.255,21,46,67,25.869,1.448,environmental footprint:13; ethics:12; materiality:10; ESG:8; stakeholder:7; empower:6; responsible sourcing:5; sustainable:5; engage:5; significantly:4,54.5
TGT__main_362.txt,TGT,Target Corporation,main,362,27140,0,1016,37.436,1016.0,37.436,106,23,222,310,461,0.847,8.18,11.422,16.986,56,305,361,13.301,2.814,sustainable:153; responsible sourcing:86; engage:59; continue to:54; impact:46; resilience:41; ethics:27; inclusion:26; transparency:24; innovation:23,54.3
CNC__main_79.txt,CNC,Centene Corporation,main,79,19373,0,725,37.423,725.0,37.423,67,10,110,222,383,0.516,5.678,11.459,19.77,44,207,251,12.956,2.888,accountability:80; integrity:66; corporate citizenship:62; engage:62; sustainable:53; inclusion:36; impact:33; continue to:28; commitment:21; enable:17,54.1
STX__main_330.txt,STX,Seagate Technology,main,330,20258,0,756,37.319,756.0,37.319,103,19,125,220,392,0.938,6.17,10.86,19.35,24,95,119,5.874,6.353,sustainable:177; engage:52; ethics:38; continue to:28; stakeholder:24; focused on:22; innovation:21; impact:20; significantly:17; responsible sourcing:16,53.9
EQIX__data_161.txt,EQIX,Equinix,data,161,5638,0,210,37.247,210.0,37.247,53,4,20,57,129,0.709,3.547,10.11,22.88,10,174,184,32.636,1.141,sustainable:75; ethics:24; engage:23; stakeholder:7; impact:5; stakeholder engagement:4; wellbeing:4; enable:3; aim to:3; strive to:3,53.7
SWK__main_343.txt,SWK,Stanley Black & Decker,main,343,12089,0,450,37.224,450.0,37.224,92,21,86,151,192,1.737,7.114,12.491,15.882,40,192,232,19.191,1.94,sustainable:56; impact:54; commitment:33; innovation:25; engage:24; ethics:16; continue to:13; stakeholder:13; enable:10; circular economy:9,53.5
HRL__main_205.txt,HRL,Hormel Foods,main,205,16623,0,618,37.177,618.0,37.177,88,13,115,184,306,0.782,6.918,11.069,18.408,40,160,200,12.032,3.09,impact:102; engage:44; stewardship:30; regenerative:27; innovation:27; ethics:24; sustainable:24; continue to:21; stakeholder:20; strive to:20,53.3
KHC__page_0.txt,KHC,Kraft Heinz,page,0,862,1,32,37.123,32.0,37.123,20,6,6,3,17,6.961,6.961,3.48,19.722,0,4,4,4.64,8.0,sustainable:6; impact:3; our journey:2; wellbeing:2; committed to:2; thrive:2; contribute to:2; aspiration:1; significantly:1; pillar:1,53.1
AMAT__main_38.txt,AMAT,Applied Materials,main,38,26880,0,997,37.091,997.0,37.091,107,25,151,433,388,0.93,5.618,16.109,14.435,120,406,526,19.568,1.895,impact:106; empower:86; sustainable:85; engage:60; innovation:53; net zero:39; enable:35; accelerate:31; ethics:28; commitment:24,52.9
UDR__main_384.txt,UDR,"UDR, Inc.",main,384,24461,0,907,37.079,907.0,37.079,86,12,161,246,488,0.491,6.582,10.057,19.95,30,348,378,15.453,2.399,sustainable:129; corporate citizenship:107; ESG:70; engage:60; stakeholder:34; continue to:33; commitment:30; impact:29; materiality:27; ethics:24,52.7
WBD__data_413.txt,WBD,Warner Bros. Discovery,data,413,243,1,9,37.037,9.0,37.037,5,0,0,0,9,0.0,0.0,0.0,37.037,0,3,3,12.346,3.0,integrity:4; ethics:2; transparency:1; accountability:1; sustainable:1,52.5
ADM__main_42.txt,ADM,Archer Daniels Midland,main,42,20413,0,756,37.035,756.0,37.035,87,7,158,240,351,0.343,7.74,11.757,17.195,45,207,252,12.345,3.0,sustainable:112; engage:52; biodiversity:42; commitment:41; ethics:28; regenerative:26; stakeholder:22; impact:22; resilience:20; integrity:19,52.1
VLTO__main_396.txt,VLTO,Veralto,main,396,32861,0,1217,37.035,1217.0,37.035,116,38,199,300,680,1.156,6.056,9.129,20.693,33,342,375,11.412,3.245,sustainable:337; innovation:74; impact:62; ethics:55; commitment:53; engage:47; committed to:28; enable:26; stewardship:25; integrity:25,52.3
OTIS__main_491.txt,OTIS,Otis Worldwide,main,491,28557,0,1057,37.014,1057.0,37.014,91,7,170,290,590,0.245,5.953,10.155,20.66,12,389,401,14.042,2.636,thrive:128; impact:118; accountability:92; sustainable:78; engage:70; ethics:59; resilience:34; continue to:30; stakeholder:26; significantly:25,51.9
AMD__main_9.txt,AMD,Advanced Micro Devices,main,9,45458,0,1682,37.001,1682.0,37.001,129,40,294,593,755,0.88,6.468,13.045,16.609,79,669,748,16.455,2.249,corporate citizenship:153; engage:122; sustainable:108; impact:87; inclusion:85; innovation:63; belonging:51; material topics:50; framework:43; enable:43,51.7
TXN__main_371.txt,TXN,Texas Instruments,main,371,32496,0,1195,36.774,1195.0,36.774,94,34,217,223,721,1.046,6.678,6.862,22.187,111,557,668,20.556,1.789,corporate citizenship:178; sustainable:150; impact:137; commitment:106; responsible sourcing:100; engage:57; ethics:44; material topics:33; innovation:23; stakeholder:22,51.4
NRG__main_485.txt,NRG,NRG Energy,main,485,18457,0,678,36.734,678.0,36.734,106,23,98,190,367,1.246,5.31,10.294,19.884,42,302,344,18.638,1.971,sustainable:196; engage:36; stakeholder:21; commitment:20; innovation:20; impact:16; wellbeing:15; inclusion:14; sustainable X:13; transparency:13,51.2
DXCM__main_127.txt,DXCM,Dexcom,main,127,19099,0,700,36.651,700.0,36.651,86,22,155,140,383,1.152,8.116,7.33,20.053,15,267,282,14.765,2.482,sustainable:182; integrity:102; commitment:28; impact:25; continue to:25; engage:23; significantly:18; framework:18; inclusion:12; innovation:11,51.0
MA__main_257.txt,MA,Mastercard,main,257,33562,0,1229,36.619,1229.0,36.619,124,40,164,462,563,1.192,4.886,13.766,16.775,87,400,487,14.51,2.524,impact:184; inclusion:77; sustainable:62; engage:60; ethics:58; enable:48; innovation:45; resilience:45; commitment:33; ecosystem:28,50.8
PEP__main_296.txt,PEP,PepsiCo,main,296,2977,0,109,36.614,109.0,36.614,50,4,36,28,41,1.344,12.093,9.405,13.772,9,69,78,26.201,1.397,aim to:14; resilience:7; continue to:7; sustainable:6; net zero:6; regenerative:5; innovation:4; strive to:4; ESG:3; decarbonisation:3,50.6
IBKR__main_468.txt,IBKR,Interactive Brokers,main,468,16847,0,616,36.564,616.0,36.564,79,10,119,197,290,0.594,7.064,11.693,17.214,30,222,252,14.958,2.444,sustainable:123; resilience:66; impact:36; ESG:28; continue to:28; framework:22; engage:19; materiality:17; innovation:15; integrity:15,50.4
WELL__main_419.txt,WELL,Welltower,main,419,12909,0,471,36.486,471.0,36.486,79,13,70,84,304,1.007,5.423,6.507,23.549,26,137,163,12.627,2.89,sustainable:139; social impact:70; engage:30; transparency:19; continue to:13; stakeholder:11; impact:11; ethics:9; materiality:8; ESG:8,50.2
EOG__page_0.txt,EOG,,page,0,192,1,7,36.458,7.0,36.458,3,0,0,0,7,0.0,0.0,0.0,36.458,0,14,14,72.917,0.5,sustainable:4; ethics:2; transparency:1,50.0
MNST__main_272.txt,MNST,Monster Beverage,main,272,8216,0,299,36.392,299.0,36.392,70,10,55,65,169,1.217,6.694,7.911,20.57,19,112,131,15.944,2.282,sustainable:102; impact:11; engage:10; ethics:10; stakeholder:9; aim to:8; continue to:7; commitment:7; strive to:7; stewardship:7,49.8
CHD__main_86.txt,CHD,Church & Dwight,main,86,30131,0,1096,36.374,1096.0,36.374,104,21,267,281,527,0.697,8.861,9.326,17.49,108,471,579,19.216,1.893,sustainable:260; engage:66; responsible sourcing:58; continue to:48; significantly:37; stakeholder:36; impact:32; inclusion:31; commitment:30; resilience:23,49.6
PPL__main_303.txt,PPL,PPL Corporation,main,303,20130,0,732,36.364,732.0,36.364,79,3,128,205,396,0.149,6.359,10.184,19.672,83,240,323,16.046,2.266,sustainable:226; engage:45; innovation:29; biodiversity:28; ethics:25; impact:24; enable:22; resilience:22; significantly:20; integrity:18,49.4
FITB__main_459.txt,FITB,Fifth Third Bancorp,main,459,39607,0,1440,36.357,1440.0,36.357,117,28,266,508,638,0.707,6.716,12.826,16.108,201,434,635,16.033,2.268,sustainable:323; enable:140; ethics:64; engage:58; innovation:58; commitment:54; resilience:53; impact:53; continue to:45; inclusion:44,49.2
HD__main_203.txt,HD,Home Depot (The),main,203,36088,0,1309,36.272,1309.0,36.272,110,39,244,372,654,1.081,6.761,10.308,18.122,168,375,543,15.047,2.411,sustainable:290; responsible sourcing:176; engage:83; commitment:46; impact:44; innovation:34; circular economy:30; continue to:28; biodiversity:23; stakeholder:22,49.0
ELV__main_151.txt,ELV,Elevance Health,main,151,11117,0,403,36.251,403.0,36.251,66,11,66,124,202,0.989,5.937,11.154,18.17,21,120,141,12.683,2.858,impact:79; engage:32; ethics:27; sustainable:26; alignment:16; accountability:11; significantly:10; resilience:10; foster:9; integrity:9,48.8
WAT__main_508.txt,WAT,Waters Corporation,main,508,16515,0,598,36.21,598.0,36.21,81,12,112,107,367,0.727,6.782,6.479,22.222,8,326,334,20.224,1.79,ESG:144; social impact:60; ethics:31; sustainable:29; committed to:23; engage:22; inclusion:22; impact:19; innovation:16; commitment:12,48.6
BA__main_66.txt,BA,Boeing,main,66,20500,0,742,36.195,742.0,36.195,73,3,105,257,377,0.146,5.122,12.537,18.39,85,258,343,16.732,2.163,sustainable:223; resilience:82; ethics:65; engage:36; innovation:28; stakeholder:25; significantly:19; wellbeing:17; material topics:17; continue to:15,48.3
LIN__main_245.txt,LIN,Linde plc,main,245,42967,0,1555,36.191,1555.0,36.191,110,28,265,414,848,0.652,6.168,9.635,19.736,263,640,903,21.016,1.722,sustainable X:325; sustainable:136; engage:127; significantly:61; commitment:59; integrity:52; enable:50; decarbonisation:44; impact:43; material topics:40,48.1
RF__main_315.txt,RF,Regions Financial Corporation,main,315,38212,0,1380,36.114,1380.0,36.114,102,27,308,407,638,0.707,8.06,10.651,16.696,89,459,548,14.341,2.518,shared value:234; engage:95; commitment:76; ethics:69; inclusion:64; impact:64; continue to:51; stakeholder:39; empower:38; sustainable:36,47.9
MAR__main_477.txt,MAR,Marriott International,main,477,7648,0,275,35.957,275.0,35.957,74,18,54,83,120,2.354,7.061,10.853,15.69,23,111,134,17.521,2.052,sustainable:30; engage:27; inclusion:15; ethics:14; continue to:11; commitment:8; ESG:7; social impact:6; empower:6; resilience:6,47.7
ROST__main_323.txt,ROST,Ross Stores,main,323,17554,0,631,35.946,631.0,35.946,82,31,162,133,305,1.766,9.229,7.577,17.375,107,233,340,19.369,1.856,sustainable:98; ethics:80; empower:64; commitment:46; DEI:29; inclusion:24; continue to:23; impact:23; engage:16; committed to:14,47.5
DGX__main_308.txt,DGX,Quest Diagnostics,main,308,16886,0,606,35.888,606.0,35.888,87,16,95,225,270,0.948,5.626,13.325,15.99,39,191,230,13.621,2.635,engage:88; sustainable:69; ethics:63; corporate citizenship:55; impact:34; commitment:21; innovation:19; continue to:18; enable:14; empower:12,47.3
BIIB__data_61.txt,BIIB,Biogen,data,61,1622,1,58,35.758,58.0,35.758,25,1,9,12,36,0.617,5.549,7.398,22.195,0,6,6,3.699,9.667,sustainable:13; impact:9; net zero:3; engage:3; framework:3; continue to:2; aim to:2; disruptive:2; inclusion:2; transparency:2,47.1
LVS__main_242.txt,LVS,Las Vegas Sands,main,242,48169,0,1719,35.687,1719.0,35.687,125,37,320,474,888,0.768,6.643,9.84,18.435,114,941,1055,21.902,1.629,ESG:204; sustainable:162; engage:104; impact:93; commitment:67; ethics:54; material topics:53; significantly:49; biodiversity:48; inclusion:43,46.9
GLW__main_112.txt,GLW,Corning Inc.,main,112,13077,0,466,35.635,466.0,35.635,82,20,67,119,260,1.529,5.123,9.1,19.882,70,201,271,20.723,1.72,sustainable:85; impact:84; innovation:32; engage:19; ethics:15; enable:15; continue to:11; decarbonisation:9; wellbeing:9; optimise:8,46.7
SO__main_341.txt,SO,Southern Company,main,341,12959,0,461,35.574,461.0,35.574,83,19,92,180,170,1.466,7.099,13.89,13.118,27,127,154,11.884,2.994,sustainable:79; innovation:51; engage:32; stakeholder:20; commitment:19; impact:16; resilience:15; continue to:13; significantly:11; net zero:9,46.5
CLX__main_97.txt,CLX,Clorox,main,97,17506,0,621,35.474,621.0,35.474,90,14,93,223,291,0.8,5.312,12.738,16.623,151,216,367,20.964,1.692,sustainable:173; innovation:37; significantly:22; engage:21; continue to:19; impact:19; value creation:18; inclusion:17; framework:16; stakeholder:14,46.3
JPM__main_470.txt,JPM,JPMorgan Chase,main,470,21453,0,761,35.473,761.0,35.473,80,6,201,176,378,0.28,9.369,8.204,17.62,58,214,272,12.679,2.798,sustainable:99; decarbonisation:59; continue to:54; engage:52; impact:43; net zero:39; framework:35; ESG:30; stakeholder:19; aim to:19,46.1
AMGN__main_32.txt,AMGN,Amgen,main,32,12699,0,448,35.278,448.0,35.278,90,25,92,137,194,1.969,7.245,10.788,15.277,45,169,214,16.852,2.093,sustainable:99; innovation:35; engage:23; impact:21; ethics:19; commitment:14; enable:10; continue to:10; future generations:8; alignment:7,45.9
LRCX__main_241.txt,LRCX,Lam Research,main,241,28621,0,1009,35.254,1009.0,35.254,107,34,163,356,456,1.188,5.695,12.438,15.932,78,461,539,18.832,1.872,impact:135; engage:94; sustainable:61; ethics:42; net zero:37; innovation:34; ESG:34; continue to:29; framework:23; stakeholder:19,45.7
NEM__main_277.txt,NEM,Newmont,main,277,38140,0,1341,35.16,1341.0,35.16,97,14,311,341,675,0.367,8.154,8.941,17.698,266,607,873,22.889,1.536,sustainable:277; commitment:66; engage:65; integrity:57; framework:54; stakeholder:48; impact:44; continue to:44; stewardship:42; biodiversity:40,45.5
GWW__main_463.txt,GWW,W. W. Grainger,main,463,12224,0,429,35.095,429.0,35.095,72,10,78,87,254,0.818,6.381,7.117,20.779,51,204,255,20.861,1.682,impact:92; sustainable:59; materiality:24; commitment:18; ethics:18; engage:17; transparency:16; inclusion:12; continue to:10; significantly:10,45.2
MSFT__main_268.txt,MSFT,Microsoft,main,268,22096,0,772,34.938,772.0,34.938,90,13,177,234,348,0.588,8.01,10.59,15.749,68,179,247,11.178,3.126,sustainable:188; impact:38; decarbonisation:31; commitment:27; ecosystem:26; innovation:26; engage:24; enable:24; continue to:23; helps to reduce:22,45.0
DELL__data_125.txt,DELL,Dell Technologies,data,125,2779,0,97,34.905,97.0,34.905,40,1,25,28,43,0.36,8.996,10.076,15.473,0,7,7,2.519,13.857,impact:14; sustainable:6; continue to:6; commitment:5; innovation:5; engage:5; responsible sourcing:4; stakeholder:4; committed to:4; net zero:3,44.8
RF__page_0.txt,RF,Regions Financial Corporation,page,0,36740,0,1282,34.894,1282.0,34.894,103,28,314,398,542,0.762,8.547,10.833,14.752,85,369,454,12.357,2.824,shared value:158; engage:95; commitment:75; ethics:69; impact:63; inclusion:63; continue to:53; stakeholder:39; empower:33; significantly:28,44.6
NI__main_281.txt,NI,NiSource,main,281,23096,0,805,34.855,805.0,34.855,84,15,141,170,479,0.649,6.105,7.361,20.74,122,506,628,27.191,1.282,sustainable:205; biodiversity:102; engage:38; ethics:31; commitment:29; impact:24; net zero:22; continue to:20; stakeholder:18; innovation:16,44.4
EW__main_149.txt,EW,Edwards Lifesciences,main,149,19041,0,663,34.82,663.0,34.82,96,14,160,214,275,0.735,8.403,11.239,14.443,29,237,266,13.97,2.492,impact:102; ethics:64; engage:46; innovation:45; continue to:26; stakeholder:20; sustainable:19; significantly:18; enable:17; focused on:15,44.2
WTW__main_426.txt,WTW,Willis Towers Watson,main,426,22029,0,767,34.818,767.0,34.818,93,28,152,189,398,1.271,6.9,8.58,18.067,17,381,398,18.067,1.927,sustainable:154; sustainable X:69; inclusion:33; resilience:33; impact:30; engage:30; continue to:29; framework:25; commitment:20; significantly:16,44.0
WSM__main_423.txt,WSM,"Williams-Sonoma, Inc.",main,423,14860,0,517,34.791,517.0,34.791,81,23,88,106,300,1.548,5.922,7.133,20.188,42,270,312,20.996,1.657,impact:79; purpose:49; sustainable:37; ethics:30; engage:28; science-based:22; wellbeing:17; carbon offsets:13; continue to:13; commitment:12,43.8
JBL__main_225.txt,JBL,Jabil,main,225,33031,0,1147,34.725,1147.0,34.725,119,43,177,459,468,1.302,5.359,13.896,14.169,86,272,358,10.838,3.204,sustainable:154; innovation:117; pillar:82; commitment:46; impact:45; significantly:35; engage:34; enable:32; empower:30; wellbeing:27,43.6
FERG__main_174.txt,FERG,Ferguson Enterprises,main,174,15565,0,538,34.565,538.0,34.565,76,13,113,139,273,0.835,7.26,8.93,17.539,30,79,109,7.003,4.936,sustainable:149; impact:47; commitment:30; engage:28; innovation:22; ethics:18; framework:14; committed to:11; stakeholder:10; continue to:10,43.4
J__main_228.txt,J,Jacobs Solutions,main,228,46431,0,1600,34.46,1600.0,34.46,130,43,281,583,693,0.926,6.052,12.556,14.925,43,188,231,4.975,6.926,sustainable:237; resilience:78; framework:77; inclusion:65; impact:63; commitment:62; engage:57; wellbeing:43; enable:37; ESG:35,43.2
EL__main_162.txt,EL,Estée Lauder Companies (The),main,162,51092,0,1760,34.448,1760.0,34.448,131,69,367,547,777,1.351,7.183,10.706,15.208,108,610,718,14.053,2.451,sustainable:302; engage:102; social impact:96; innovation:85; continue to:81; commitment:71; impact:64; biodiversity:50; committed to:36; aim to:34,43.0
HST__main_466.txt,HST,Host Hotels & Resorts,main,466,27479,0,945,34.39,945.0,34.39,116,29,157,315,444,1.055,5.713,11.463,16.158,56,503,559,20.343,1.691,corporate citizenship:115; engage:87; sustainable:67; resilience:44; impact:40; commitment:26; stakeholder:24; inclusion:22; continue to:22; net positive:19,42.8
ISRG__main_219.txt,ISRG,Intuitive Surgical,main,219,10312,0,354,34.329,354.0,34.329,70,18,69,114,153,1.746,6.691,11.055,14.837,13,132,145,14.061,2.441,impact:95; innovation:21; sustainable:16; engage:16; enable:14; commitment:12; ethics:11; continue to:11; framework:10; transparency:8,42.6
TSN__main_383.txt,TSN,Tyson Foods,main,383,16314,0,560,34.326,560.0,34.326,84,9,112,196,243,0.552,6.865,12.014,14.895,53,42,95,5.823,5.895,sustainable:83; impact:73; engage:44; innovation:30; ethics:20; commitment:18; materiality:18; stewardship:14; continue to:13; enable:13,42.4
XEL__main_509.txt,XEL,Xcel Energy,main,509,32150,0,1101,34.246,1101.0,34.246,124,27,203,226,645,0.84,6.314,7.03,20.062,167,551,718,22.333,1.533,sustainable:227; net zero:115; integrity:95; engage:46; impact:36; committed to:35; innovation:28; continue to:27; ethics:24; commitment:24,42.1
BKR__main_50.txt,BKR,Baker Hughes,main,50,71236,0,2439,34.238,2439.0,34.238,152,199,372,877,991,2.794,5.222,12.311,13.912,133,927,1060,14.88,2.301,sustainable:318; engage:133; people and planet:131; enable:101; impact:98; commitment:80; inclusion:68; innovation:67; resilience:54; transparency:52,41.9
FDX__main_172.txt,FDX,FedEx,main,172,18223,0,619,33.968,619.0,33.968,93,13,132,245,229,0.713,7.244,13.445,12.567,40,128,168,9.219,3.685,sustainable:77; engage:33; continue to:30; innovation:25; optimise:23; integrity:22; enable:21; commitment:20; resilience:18; ethics:17,41.7
WBD__main_412.txt,WBD,Warner Bros. Discovery,main,412,16258,0,552,33.953,552.0,33.953,85,12,125,172,243,0.738,7.689,10.579,14.946,8,81,89,5.474,6.202,ethics:79; sustainable:51; engage:43; impact:33; committed to:22; stakeholder:21; commitment:21; continue to:20; integrity:17; resilience:14,41.5
TTWO__data_358.txt,TTWO,Take-Two Interactive,data,358,3633,0,123,33.856,123.0,33.856,37,0,25,35,63,0.0,6.881,9.634,17.341,1,25,26,7.157,4.731,sustainable:28; impact:12; stakeholder:6; climate action:5; engage:5; resilience:5; continue to:5; transparency:4; Paris-aligned:4; aligned with:3,41.3
FISV__main_178.txt,FISV,Fiserv,main,178,23294,0,788,33.828,788.0,33.828,80,7,156,269,356,0.301,6.697,11.548,15.283,16,171,187,8.028,4.214,sustainable:133; engage:85; ethics:51; stakeholder:47; impact:46; framework:33; wellbeing:32; responsible sourcing:27; continue to:24; materiality:22,41.1
STT__main_346.txt,STT,State Street Corporation,main,346,28148,0,952,33.821,952.0,33.821,99,9,168,218,557,0.32,5.968,7.745,19.788,55,353,408,14.495,2.333,sustainable:286; inclusion:39; impact:38; ESG:37; resilience:33; engage:29; framework:29; material topics:27; continue to:25; significantly:23,40.9
BBY__main_57.txt,BBY,Best Buy,main,57,23058,0,779,33.784,779.0,33.784,107,39,160,198,382,1.691,6.939,8.587,16.567,91,189,280,12.143,2.782,responsible sourcing:89; sustainable:63; engage:55; inclusion:42; impact:41; belonging:35; continue to:32; commitment:29; ethics:23; stakeholder:18,40.7
NWSA__main_487.txt,NWSA,News Corp (Class A),main,487,20114,0,678,33.708,678.0,33.708,96,21,141,145,371,1.044,7.01,7.209,18.445,30,257,287,14.269,2.362,ESG:83; purpose:59; sustainable:52; engage:31; ethics:29; ESG strategy:23; continue to:22; impact:20; significantly:15; seek to:14,40.5
SYK__data_351.txt,SYK,Stryker Corporation,data,351,505,1,17,33.663,17.0,33.663,5,0,2,0,15,0.0,3.96,0.0,29.703,0,20,20,39.604,0.85,sustainable:7; ethics:6; integrity:2; commitment:1; aligned with:1,40.3
RCL__main_500.txt,RCL,Royal Caribbean Group,main,500,32781,0,1102,33.617,1102.0,33.617,124,88,190,341,483,2.684,5.796,10.402,14.734,30,554,584,17.815,1.887,sustainable:127; material topics:50; engage:50; innovation:46; ethics:46; impact:41; net zero:36; corporate citizenship:35; framework:29; stewardship:28,40.1
UNH__main_391.txt,UNH,UnitedHealth Group,main,391,25292,0,846,33.449,846.0,33.449,92,23,153,187,483,0.909,6.049,7.394,19.097,78,358,436,17.239,1.94,sustainable:170; responsible sourcing:99; engage:53; ethics:39; commitment:38; impact:29; net zero:24; inclusion:22; committed to:21; innovation:20,39.9
APD__main_13.txt,APD,Air Products,main,13,21311,0,710,33.316,710.0,33.316,81,8,139,212,351,0.375,6.522,9.948,16.47,36,202,238,11.168,2.983,sustainable:185; enable:39; framework:33; engage:33; ethics:21; decarbonisation:18; resilience:17; impact:16; commitment:16; continue to:14,39.7
CPRT__main_451.txt,CPRT,Copart,main,451,6830,0,227,33.236,227.0,33.236,61,5,46,64,112,0.732,6.735,9.37,16.398,9,90,99,14.495,2.293,sustainable:25; material topics:16; integrity:15; ESG:15; engage:15; innovation:13; commitment:12; ethics:10; enable:8; impact:7,39.5
OKE__main_489.txt,OKE,Oneok,main,489,30631,0,1018,33.234,1018.0,33.234,87,5,226,370,417,0.163,7.378,12.079,13.614,172,514,686,22.396,1.484,sustainable:167; stakeholder:164; engage:59; ESG:51; commitment:45; inclusion:34; integrity:32; continue to:31; ethics:28; significantly:24,39.3
BLK__main_62.txt,BLK,BlackRock,main,62,21038,0,699,33.226,699.0,33.226,73,3,160,147,389,0.143,7.605,6.987,18.49,61,202,263,12.501,2.658,sustainable:179; impact:54; engage:42; stewardship:37; continue to:21; carbon footprint:20; low-carbon future:19; resilience:15; decarbonisation:15; seek to:13,39.0
KR__main_473.txt,KR,Kroger,main,473,38815,0,1283,33.054,1283.0,33.054,103,97,274,315,597,2.499,7.059,8.115,15.381,183,546,729,18.781,1.76,ESG:105; sustainable:96; engage:86; impact:82; people and planet:80; continue to:65; inclusion:35; aim to:32; ethics:32; over time:28,38.8
CI__main_88.txt,CI,Cigna,main,88,40257,0,1330,33.038,1330.0,33.038,105,26,243,361,700,0.646,6.036,8.967,17.388,91,652,743,18.456,1.79,impact:279; sustainable:111; engage:72; ethics:71; continue to:49; inclusion:42; commitment:42; transparency:41; framework:35; innovation:35,38.6
CVS__data_118.txt,CVS,CVS Health,data,118,20656,0,682,33.017,682.0,33.017,90,9,113,187,373,0.436,5.471,9.053,18.058,75,431,506,24.497,1.348,impact:222; sustainable:44; engage:27; stakeholder:24; significantly:21; stakeholder engagement:21; commitment:19; net zero:18; resilience:18; human capital:14,38.4
CTAS__main_91.txt,CTAS,,main,91,6064,0,200,32.982,200.0,32.982,38,32,36,47,85,5.277,5.937,7.751,14.017,44,44,88,14.512,2.273,impact:69; champion:30; continue to:10; commitment:8; engage:6; committed to:5; meaningful impact:5; giving back:5; we are proud:5; foster:4,38.2
CRWD__main_115.txt,CRWD,CrowdStrike,main,115,20224,0,666,32.931,666.0,32.931,91,24,84,318,240,1.187,4.153,15.724,11.867,9,84,93,4.598,7.161,resilience:109; sustainable:88; engage:46; impact:38; framework:36; ethics:27; innovation:16; continue to:16; wellbeing:15; focused on:10,38.0
CSGP__main_113.txt,CSGP,CoStar Group,main,113,17804,0,586,32.914,586.0,32.914,90,7,125,199,255,0.393,7.021,11.177,14.323,60,227,287,16.12,2.042,corporate citizenship:74; framework:74; impact:50; sustainable:38; engage:33; significantly:25; ethics:16; continue to:14; net zero:14; science-based:12,37.8
MRNA__main_269.txt,MRNA,Moderna,main,269,25809,0,849,32.896,849.0,32.896,107,40,203,223,383,1.55,7.865,8.64,14.84,56,416,472,18.288,1.799,ethics:121; sustainable:69; continue to:61; impact:59; engage:51; commitment:36; stakeholder:30; material topics:23; innovation:22; resilience:20,37.6
OTIS__page_0.txt,OTIS,Otis Worldwide,page,0,27486,0,903,32.853,903.0,32.853,91,7,170,290,436,0.255,6.185,10.551,15.863,12,295,307,11.169,2.941,thrive:79; sustainable:77; engage:70; impact:66; ethics:59; accountability:39; resilience:34; continue to:30; stakeholder:26; significantly:25,37.4
CMS__main_100.txt,CMS,CMS Energy,main,100,9320,0,306,32.833,306.0,32.833,75,7,88,76,135,0.751,9.442,8.155,14.485,53,135,188,20.172,1.628,sustainable:47; commitment:23; inclusion:17; engage:16; committed to:12; stakeholder:12; significantly:9; net zero:8; belonging:8; continue to:8,37.2
SNDK__main_326.txt,SNDK,Sandisk,main,326,31474,0,1033,32.821,1033.0,32.821,119,29,169,291,544,0.921,5.37,9.246,17.284,19,223,242,7.689,4.269,sustainable:177; integrity:90; impact:52; engage:49; innovation:36; ethics:36; commitment:31; inclusion:29; enable:21; material topics:21,37.0
EXPE__main_168.txt,EXPE,Expedia Group,main,168,22393,0,734,32.778,734.0,32.778,99,17,158,238,321,0.759,7.056,10.628,14.335,37,136,173,7.726,4.243,sustainable:91; engage:55; impact:49; commitment:32; resilience:28; ethics:24; committed to:22; inclusion:21; stakeholder:20; climate action:20,36.8
BR__main_70.txt,BR,Broadridge Financial Solutions,main,70,3175,0,104,32.756,104.0,32.756,30,0,14,22,68,0.0,4.409,6.929,21.417,6,86,92,28.976,1.13,sustainable:32; ethics:14; engage:11; net zero:7; science-based:4; stakeholder:3; stewardship:3; continue to:2; plan to:2; in line with:2,36.6
BEN__main_440.txt,BEN,Franklin Resources,main,440,21046,0,689,32.738,689.0,32.738,85,22,98,139,430,1.045,4.656,6.605,20.431,29,175,204,9.693,3.377,sustainable:133; inclusion:101; stewardship:78; engage:38; ethics:34; impact:21; commitment:18; continue to:16; stakeholder:16; ESG:14,36.4
EIX__main_147.txt,EIX,Edison International,main,147,46311,0,1510,32.606,1510.0,32.606,112,22,282,529,677,0.475,6.089,11.423,14.619,162,922,1084,23.407,1.393,sustainable:282; resilience:136; engage:80; energy transition:73; stakeholder engagement:58; commitment:45; net zero:42; significantly:38; continue to:38; ethics:34,36.0
EXE__main_166.txt,EXE,Expand Energy,main,166,34810,0,1135,32.606,1135.0,32.606,100,20,172,307,636,0.575,4.941,8.819,18.271,37,288,325,9.336,3.492,sustainable:201; engage:104; ethics:66; integrity:62; biodiversity:53; accountability:49; impact:40; stakeholder:39; commitment:38; ESG:35,36.2
ABT__main_2.txt,ABT,Abbott Laboratories,main,2,38625,0,1254,32.466,1254.0,32.466,93,23,206,304,721,0.595,5.333,7.871,18.667,109,745,854,22.11,1.468,sustainable:306; ethics:153; impact:68; engage:60; resilience:51; innovation:50; stewardship:38; commitment:35; continue to:32; wellbeing:25,35.7
NVDA__main_486.txt,NVDA,Nvidia,main,486,15394,0,499,32.415,499.0,32.415,80,7,85,141,266,0.455,5.522,9.159,17.279,16,48,64,4.157,7.797,sustainable:133; inclusion:50; accelerate:22; engage:21; enable:18; impact:17; responsible sourcing:16; continue to:15; ethics:12; framework:12,35.5
DIS__main_456.txt,DIS,Walt Disney Company (The),main,456,22894,0,742,32.41,742.0,32.41,94,13,143,223,363,0.568,6.246,9.741,15.856,43,289,332,14.502,2.235,sustainable:130; framework:69; engage:46; integrity:26; commitment:26; inclusion:26; ethics:25; impact:24; continue to:23; biodiversity:22,35.3
SWKS__main_335.txt,SWKS,Skyworks Solutions,main,335,9540,0,309,32.39,309.0,32.39,59,6,62,80,161,0.629,6.499,8.386,16.876,46,126,172,18.029,1.797,sustainable:125; commitment:18; engage:17; ethics:14; stakeholder:7; enable:7; committed to:7; impact:6; foster:6; alignment:6,35.1
PH__main_292.txt,PH,Parker Hannifin,main,292,13521,0,436,32.246,436.0,32.246,82,22,82,157,175,1.627,6.065,11.612,12.943,18,33,51,3.772,8.549,sustainable:70; engage:37; commitment:23; enable:20; purpose:17; impact:15; inclusion:13; a brighter future:11; ethics:11; innovation:11,34.9
YUM__main_431.txt,YUM,Yum! Brands,main,431,11882,0,383,32.234,383.0,32.234,77,6,130,75,172,0.505,10.941,6.312,14.476,27,222,249,20.956,1.538,sustainable:69; impact:22; commitment:17; continue to:15; committed to:15; significantly:15; engage:14; transparency:14; circular economy:12; consistent with:10,34.7
AVGO__main_438.txt,AVGO,Broadcom,main,438,21192,0,681,32.135,681.0,32.135,83,26,126,189,340,1.227,5.946,8.918,16.044,21,283,304,14.345,2.24,corporate citizenship:187; ethics:57; engage:46; innovation:31; continue to:25; impact:21; stakeholder:21; commitment:18; significantly:13; framework:13,34.5
MET__main_266.txt,MET,MetLife,main,266,37633,0,1209,32.126,1209.0,32.126,113,32,206,373,598,0.85,5.474,9.912,15.89,96,287,383,10.177,3.157,sustainable:210; engage:72; impact:62; wellbeing:51; ethics:41; inclusion:36; resilience:34; stakeholder:33; innovation:30; framework:29,34.3
VEEV__main_394.txt,VEEV,,main,394,3645,0,117,32.099,117.0,32.099,37,11,46,43,17,3.018,12.62,11.797,4.664,1,23,24,6.584,4.875,continue to:14; purpose:13; innovation:10; stakeholder:8; significantly:8; enable:7; commitment:6; committed to:5; accelerate:3; impact:3,34.1
ACN__data_6.txt,ACN,Accenture,data,6,1810,1,58,32.044,58.0,32.044,25,1,14,17,26,0.552,7.735,9.392,14.365,0,33,33,18.232,1.758,sustainable:15; innovation:5; commitment:5; continue to:3; purpose:3; ethics:3; engage:2; committed to:2; intend to:2; inclusion:2,33.9
HSY__main_467.txt,HSY,Hershey Company (The),main,467,31040,0,994,32.023,994.0,32.023,111,37,249,237,471,1.192,8.022,7.635,15.174,98,644,742,23.905,1.34,responsible sourcing:192; sustainable:74; continue to:68; impact:48; engage:42; resilience:37; commitment:36; wellbeing:30; biodiversity:26; enable:20,33.7
REGN__main_313.txt,REGN,Regeneron Pharmaceuticals,main,313,27833,0,888,31.905,888.0,31.905,109,113,185,288,302,4.06,6.647,10.347,10.85,108,491,599,21.521,1.482,people and planet:82; impact:51; engage:48; innovation:45; sustainable:44; continue to:44; ethics:38; material topics:34; corporate citizenship:21; aim to:18,33.5
DVA__main_122.txt,DVA,DaVita,main,122,16004,0,510,31.867,510.0,31.867,93,31,142,129,208,1.937,8.873,8.06,12.997,14,231,245,15.309,2.082,engage:37; commitment:34; impact:28; corporate citizenship:27; continue to:25; belonging:24; sustainable:20; ESG:16; science-based:15; framework:12,33.3
FIX__main_106.txt,FIX,Comfort Systems USA,main,106,15141,0,482,31.834,482.0,31.834,64,7,87,75,313,0.462,5.746,4.953,20.672,6,245,251,16.578,1.92,sustainable:189; impact:23; inclusion:19; commitment:18; resilience:12; stakeholder:11; continue to:10; material topics:10; innovation:9; enable:9,33.1
KKR__main_238.txt,KKR,KKR & Co.,main,238,14829,0,472,31.83,472.0,31.83,76,5,124,135,208,0.337,8.362,9.104,14.027,13,114,127,8.564,3.717,sustainable:81; ethics:50; aim to:25; engage:24; seek to:19; impact:15; framework:14; commitment:14; human capital:13; foster:11,32.9
CME__main_98.txt,CME,CME Group,main,98,1734,1,55,31.719,55.0,31.719,23,0,10,9,36,0.0,5.767,5.19,20.761,0,18,18,10.381,3.056,sustainable:14; corporate citizenship:6; sustainable X:4; transparency:3; continue to:3; commitment:3; ESG:2; empower:2; materiality:2; best practice:2,32.6
NCLH__main_286.txt,NCLH,Norwegian Cruise Line Holdings,main,286,24680,0,778,31.524,778.0,31.524,101,21,171,236,350,0.851,6.929,9.562,14.182,28,205,233,9.441,3.339,sustainable:79; accountability:72; engage:44; impact:44; biodiversity:25; stakeholder:23; ethics:22; continue to:22; innovation:21; decarbonisation:19,32.4
CB__main_85.txt,CB,,main,85,10004,0,315,31.487,315.0,31.487,68,6,68,146,95,0.6,6.797,14.594,9.496,13,61,74,7.397,4.257,resilience:47; engage:40; sustainable:37; ecosystem:19; impact:11; framework:11; continue to:10; materiality:9; biodiversity:9; focused on:8,32.2
CCI__main_444.txt,CCI,Crown Castle,main,444,7003,0,220,31.415,220.0,31.415,53,3,43,52,122,0.428,6.14,7.425,17.421,18,138,156,22.276,1.41,sustainable:77; materiality:11; stakeholder:9; engage:9; expect to:9; impact:8; resilience:7; continue to:5; carbon neutral:5; aligned with:5,32.0
TDG__main_377.txt,TDG,TransDigm Group,main,377,13693,0,430,31.403,430.0,31.403,76,19,138,148,125,1.388,10.078,10.808,9.129,153,201,354,25.853,1.215,stakeholder:54; commitment:39; ethics:29; continue to:24; sustainable:23; corporate citizenship:16; foster:16; committed to:15; responsible sourcing:14; innovation:14,31.8
LLY__main_244.txt,LLY,Lilly (Eli),main,244,14281,0,448,31.37,448.0,31.37,75,7,71,144,226,0.49,4.972,10.083,15.825,45,139,184,12.884,2.435,sustainable:67; impact:36; engage:29; ethics:25; innovation:19; inclusion:19; framework:16; enable:15; continue to:13; transparency:11,31.6
ALLE__page_0.txt,ALLE,Allegion,page,0,990,1,31,31.313,31.0,31.313,7,1,1,12,17,1.01,1.01,12.121,17.172,3,7,10,10.101,3.1,ESG:13; engage:10; materiality:3; stakeholder:2; commitment:1; our journey:1; sustainable:1,31.4
JBHT__main_224.txt,JBHT,J.B. Hunt,main,224,15043,0,470,31.244,470.0,31.244,82,11,92,105,262,0.731,6.116,6.98,17.417,64,262,326,21.671,1.442,sustainable:138; ESG strategy:38; commitment:22; significantly:19; impact:14; ethics:14; innovation:10; culture of X:10; continue to:9; stakeholder engagement:8,31.2
IFF__main_216.txt,IFF,International Flavors & Fragrances,main,216,53228,0,1663,31.243,1663.0,31.243,131,31,258,476,898,0.582,4.847,8.943,16.871,19,684,703,13.207,2.366,sustainable:286; impact:100; innovation:84; engage:72; biodiversity:70; sustainable X:64; responsible sourcing:54; ecosystem:48; ethics:44; commitment:38,31.0
APA__main_36.txt,APA,APA Corporation,main,36,5609,0,175,31.2,175.0,31.2,48,3,42,43,87,0.535,7.488,7.666,15.511,17,129,146,26.03,1.199,sustainable:44; engage:12; stewardship:12; commitment:11; stakeholder:7; wellbeing:7; continue to:5; significantly:4; enable:4; accountability:4,30.8
COP__main_107.txt,COP,ConocoPhillips,main,107,27665,0,863,31.195,863.0,31.195,92,11,180,290,382,0.398,6.506,10.483,13.808,53,422,475,17.17,1.817,sustainable:176; engage:73; stakeholder:51; framework:35; ethics:34; impact:28; continue to:26; biodiversity:22; net zero:21; commitment:18,30.6
VZ__data_400.txt,VZ,Verizon,data,400,5364,0,167,31.133,167.0,31.133,41,1,35,75,56,0.186,6.525,13.982,10.44,0,34,34,6.339,4.912,resilience:29; impact:24; framework:10; significantly:9; expect to:8; sustainable:7; cross-functional:5; responsible sourcing:5; engage:5; commitment:4,30.4
WTW__data_427.txt,WTW,Willis Towers Watson,data,427,8226,0,256,31.121,256.0,31.121,62,6,64,68,118,0.729,7.78,8.266,14.345,8,225,233,28.325,1.099,sustainable:47; impact:29; continue to:16; significantly:12; framework:10; resilience:10; engage:9; net zero:8; science-based:7; alignment:6,30.2
STE__main_348.txt,STE,Steris,main,348,6891,0,214,31.055,214.0,31.055,49,7,46,31,130,1.016,6.675,4.499,18.865,3,54,57,8.272,3.754,ethics:33; corporate citizenship:30; sustainable:25; ESG:16; commitment:11; innovation:7; engage:7; strive to:6; committed to:6; inclusion:5,30.0
BNY__main_65.txt,BNY,BNY Mellon,main,65,7862,0,244,31.035,244.0,31.035,51,1,69,61,113,0.127,8.776,7.759,14.373,16,78,94,11.956,2.596,sustainable:50; impact:22; continue to:20; framework:17; in line with:13; materiality:7; resilience:6; engage:6; carbon offsets:6; commitment:6,29.8
GE__main_187.txt,GE,GE Aerospace,main,187,23708,0,735,31.002,735.0,31.002,103,36,177,265,257,1.518,7.466,11.178,10.84,36,229,265,11.178,2.774,sustainable:119; engage:41; enable:32; innovation:29; continue to:28; framework:28; commitment:26; impact:24; integrity:22; net zero:18,29.5
FE__main_177.txt,FE,FirstEnergy,main,177,20026,0,620,30.96,620.0,30.96,91,19,145,176,280,0.949,7.241,8.789,13.982,80,125,205,10.237,3.024,impact:93; engage:43; ethics:29; commitment:29; corporate citizenship:27; continue to:23; integrity:23; enable:21; stakeholder:21; energy transition:20,29.3
PWR__main_499.txt,PWR,Quanta Services,main,499,34553,0,1069,30.938,1069.0,30.938,107,46,220,292,511,1.331,6.367,8.451,14.789,96,389,485,14.036,2.204,sustainable:190; commitment:67; impact:49; inclusion:48; ethics:43; significantly:36; enable:35; engage:32; stakeholder:32; circular economy:31,29.1
VRT__main_403.txt,VRT,Vertiv,main,403,17433,0,539,30.918,539.0,30.918,73,5,126,166,242,0.287,7.228,9.522,13.882,6,157,163,9.35,3.307,responsible sourcing:93; integrity:77; engage:25; resilience:23; continue to:21; aligned with:20; enable:18; framework:17; where possible:13; focused on:12,28.9
TER__data_368.txt,TER,Teradyne,data,368,292,1,9,30.822,9.0,30.822,8,0,2,1,6,0.0,6.849,3.425,20.548,50,3,53,181.507,0.17,transparency:2; sustainable:1; commitment:1; committed to:1; purpose:1; responsible sourcing:1; engage:1; corporate citizenship:1,28.7
MTB__main_252.txt,MTB,M&T Bank,main,252,42247,0,1300,30.771,1300.0,30.771,119,134,267,428,471,3.172,6.32,10.131,11.149,173,409,582,13.776,2.234,sustainable:244; people and planet:101; engage:87; framework:65; resilience:54; impact:48; commitment:47; ethics:32; stakeholder:31; aim to:27,28.5
SMCI__main_352.txt,SMCI,Supermicro,main,352,12165,0,374,30.744,374.0,30.744,70,8,68,126,172,0.658,5.59,10.358,14.139,3,76,79,6.494,4.734,sustainable:64; innovation:34; impact:26; ethics:20; optimise:16; engage:15; ESG:13; significantly:11; continue to:10; resilience:8,28.3
EXPD__main_169.txt,EXPD,Expeditors International,main,169,13894,0,427,30.733,427.0,30.733,77,15,87,114,211,1.08,6.262,8.205,15.186,12,115,127,9.141,3.362,sustainable:126; impact:26; continue to:24; engage:23; ethics:20; commitment:13; elevate:9; framework:8; significantly:8; enable:8,28.1
ODFL__main_488.txt,ODFL,Old Dominion,main,488,10173,0,310,30.473,310.0,30.473,64,15,73,59,163,1.474,7.176,5.8,16.023,12,161,173,17.006,1.792,sustainable:86; sustainable X:28; significantly:16; commitment:15; engage:14; continue to:13; innovation:10; wellbeing:9; ethics:8; foster:8,27.9
XOM__main_171.txt,XOM,ExxonMobil,main,171,35802,0,1090,30.445,1090.0,30.445,103,30,205,281,574,0.838,5.726,7.849,16.033,54,336,390,10.893,2.795,sustainable:252; purpose:82; engage:62; biodiversity:51; framework:28; ecosystem:26; enable:26; commitment:23; impact:23; aim to:23,27.7
AMZN__main_24.txt,AMZN,Amazon,main,24,36956,0,1118,30.252,1118.0,30.252,104,19,193,313,593,0.514,5.222,8.47,16.046,166,524,690,18.671,1.62,sustainable:169; responsible sourcing:91; biodiversity:91; enable:50; circular economy:49; engage:47; innovation:40; commitment:35; continue to:31; decarbonisation:29,27.5
PG__data_305.txt,PG,Procter & Gamble,data,305,2843,0,86,30.25,86.0,30.25,30,2,10,11,63,0.703,3.517,3.869,22.16,12,61,73,25.677,1.178,sustainable:18; impact:16; inclusion:10; enable:4; ESG:4; committed to:3; purpose:3; environmental footprint:2; commitment:2; ethics:2,27.3
SYK__main_350.txt,SYK,Stryker Corporation,main,350,14543,0,439,30.186,439.0,30.186,89,15,106,141,177,1.031,7.289,9.695,12.171,59,314,373,25.648,1.177,engage:33; impact:30; ethics:27; innovation:24; sustainable:21; continue to:18; commitment:15; corporate citizenship:15; integrity:14; enable:14,27.1
DUK__main_142.txt,DUK,Duke Energy,main,142,22966,0,693,30.175,693.0,30.175,90,22,215,252,204,0.958,9.362,10.973,8.883,129,216,345,15.022,2.009,impact:70; continue to:50; integrity:49; looking ahead:46; engage:37; innovation:32; resilience:28; stakeholder:28; sustainable:23; enable:22,26.9
WMB__main_424.txt,WMB,Williams Companies,main,424,56202,0,1695,30.159,1695.0,30.159,127,29,355,562,749,0.516,6.317,10.0,13.327,151,775,926,16.476,1.83,sustainable:234; engage:124; stakeholder:108; commitment:76; materiality:74; integrity:72; continue to:65; ESG:52; ethics:49; innovation:43,26.7
SHW__data_334.txt,SHW,Sherwin-Williams,data,334,1164,1,35,30.069,35.0,30.069,11,0,5,5,25,0.0,4.296,4.296,21.478,0,24,24,20.619,1.458,sustainable:21; impact:3; engage:3; contribute to:1; significantly:1; continue to:1; plan to:1; stakeholder:1; robust:1; stewardship:1,26.4
MAS__main_256.txt,MAS,Masco,main,256,7652,0,230,30.058,230.0,30.058,57,7,56,77,90,0.915,7.318,10.063,11.762,33,189,222,29.012,1.036,sustainable:36; ethics:16; innovation:12; impact:12; enable:8; commitment:7; committed to:7; continue to:7; significantly:7; agile:6,26.2
TRV__main_378.txt,TRV,Travelers Companies (The),main,378,73336,0,2204,30.053,2204.0,30.053,131,97,450,1005,652,1.323,6.136,13.704,8.891,310,730,1040,14.181,2.119,sustainable:338; key driver:217; innovation:166; engage:111; impact:76; ethics:71; continue to:69; leverage:58; resilience:57; over time:55,26.0
LOW__main_248.txt,LOW,Lowe's,main,248,6892,0,207,30.035,207.0,30.035,49,13,45,53,96,1.886,6.529,7.69,13.929,34,134,168,24.376,1.232,inclusion:44; impact:35; commitment:11; foster:10; engage:10; thrive:7; empower:7; continue to:6; belonging:6; focused on:5,25.8
VRSK__main_397.txt,VRSK,Verisk Analytics,main,397,12411,0,371,29.893,371.0,29.893,69,15,63,118,175,1.209,5.076,9.508,14.1,15,145,160,12.892,2.319,corporate citizenship:52; impact:27; engage:26; resilience:25; sustainable:22; commitment:19; continue to:16; ethics:13; purpose:11; stakeholder:10,25.6
BIIB__main_60.txt,BIIB,Biogen,main,60,22118,0,655,29.614,655.0,29.614,99,28,146,189,292,1.266,6.601,8.545,13.202,40,347,387,17.497,1.693,impact:86; corporate citizenship:82; sustainable:40; engage:37; continue to:27; commitment:21; innovation:21; significantly:18; enable:16; inclusion:13,25.4
MCO__data_479.txt,MCO,Moody's Corporation,data,479,2571,0,76,29.56,76.0,29.56,28,0,18,9,49,0.0,7.001,3.501,19.059,1,24,25,9.724,3.04,sustainable:13; science-based:9; net zero:6; decarbonisation:6; carbon offsets:5; commitment:4; purpose:4; continue to:3; alignment:2; where possible:2,25.2
NDSN__main_282.txt,NDSN,Nordson Corporation,main,282,3330,0,98,29.429,98.0,29.429,37,5,25,29,39,1.502,7.508,8.709,11.712,27,83,110,33.033,0.891,corporate citizenship:15; innovation:10; continue to:8; commitment:5; engage:4; inclusion:4; impact:4; empower:3; foster:3; wellbeing:3,25.0
LUV__main_342.txt,LUV,Southwest Airlines,main,342,52698,0,1547,29.356,1547.0,29.356,139,77,369,540,561,1.461,7.002,10.247,10.646,242,784,1026,19.469,1.508,framework:128; impact:112; sustainable:97; engage:79; significantly:47; ethics:43; continue to:41; commitment:41; ESG:41; net zero:38,24.8
FCX__main_184.txt,FCX,Freeport-McMoRan,main,184,64887,0,1899,29.266,1899.0,29.266,120,18,605,633,643,0.277,9.324,9.755,9.91,199,702,901,13.886,2.108,sustainable:188; engage:114; stakeholder:84; commitment:77; significantly:76; impact:69; biodiversity:59; innovation:52; continue to:47; resilience:45,24.6
JNJ__main_229.txt,JNJ,Johnson & Johnson,main,229,19377,0,566,29.21,566.0,29.21,92,24,108,232,202,1.239,5.574,11.973,10.425,138,368,506,26.113,1.119,innovation:70; enable:32; impact:31; continue to:30; wellbeing:24; engage:24; stewardship:20; accountability:18; inclusion:17; sustainable:17,24.4
DAL__main_454.txt,DAL,Delta Air Lines,main,454,16782,0,487,29.019,487.0,29.019,92,28,129,163,167,1.668,7.687,9.713,9.951,35,238,273,16.267,1.784,sustainable:40; engage:37; continue to:28; commitment:19; enable:18; ethics:16; net zero:15; committed to:15; significantly:14; impact:13,24.2
GOOGL__main_22.txt,GOOGL,Alphabet Inc. (Class A),main,22,57424,0,1664,28.977,1664.0,28.977,122,75,255,678,656,1.306,4.441,11.807,11.424,180,871,1051,18.302,1.583,impact:267; sustainable:131; enable:109; engage:84; accelerate:81; innovation:73; resilience:52; decarbonisation:50; continue to:40; ecosystem:39,24.0
AXP__main_439.txt,AXP,American Express,main,439,12946,0,375,28.966,375.0,28.966,58,1,68,73,233,0.077,5.253,5.639,17.998,41,225,266,20.547,1.41,sustainable:117; ethics:26; engage:23; net zero:19; framework:15; carbon offsets:13; continue to:11; commitment:10; science-based:9; aim to:9,23.8
HWM__main_206.txt,HWM,Howmet Aerospace,main,206,25096,0,723,28.809,723.0,28.809,96,7,172,211,333,0.279,6.854,8.408,13.269,43,442,485,19.326,1.491,sustainable:60; ESG:44; significantly:43; engage:32; biodiversity:32; ethics:31; stakeholder:29; impact:26; continue to:24; commitment:24,23.6
SJM__main_336.txt,SJM,J.M. Smucker Company (The),main,336,15124,0,432,28.564,432.0,28.564,70,17,108,80,227,1.124,7.141,5.29,15.009,34,187,221,14.613,1.955,impact:90; commitment:38; sustainable:35; engage:25; continue to:20; corporate citizenship:19; ethics:17; thrive:15; responsible sourcing:10; cultivate:8,23.3
URI__main_390.txt,URI,United Rentals,main,390,21234,0,602,28.351,602.0,28.351,98,23,135,204,240,1.083,6.358,9.607,11.303,53,345,398,18.744,1.513,sustainable:72; impact:50; engage:34; commitment:24; stakeholder:22; enable:22; wellbeing:21; aspiration:19; corporate citizenship:18; ethics:18,23.1
DRI__main_121.txt,DRI,Darden Restaurants,main,121,17464,0,494,28.287,494.0,28.287,83,80,133,140,141,4.581,7.616,8.016,8.074,37,137,174,9.963,2.839,people and planet:69; sustainable:38; engage:32; commitment:27; continue to:25; impact:24; ethics:22; stakeholder:16; consistent with:13; resilience:11,22.9
SYF__main_353.txt,SYF,Synchrony Financial,main,353,4528,0,128,28.269,128.0,28.269,40,2,32,57,37,0.442,7.067,12.588,8.171,7,24,31,6.846,4.129,sustainable:16; framework:15; continue to:11; resilience:9; impact:7; corporate citizenship:7; engage:5; stakeholder:5; enable:4; innovation:4,22.7
LII__main_243.txt,LII,Lennox International,main,243,14931,0,422,28.263,422.0,28.263,73,6,102,123,191,0.402,6.831,8.238,12.792,44,135,179,11.988,2.358,sustainable:86; impact:36; engage:27; commitment:20; innovation:18; ethics:15; continue to:14; significantly:10; committed to:10; stakeholder:9,22.5
AWK__main_30.txt,AWK,American Water Works,main,30,31944,0,895,28.018,895.0,28.018,100,16,212,325,342,0.501,6.637,10.174,10.706,45,221,266,8.327,3.365,sustainable:105; engage:54; resilience:50; ethics:42; wellbeing:37; stakeholder:34; continue to:32; commitment:31; impact:26; biodiversity:26,22.3
VMRK__main_506.txt,VMRK,Vivmark Residential,main,506,34018,0,952,27.985,952.0,27.985,108,18,190,251,493,0.529,5.585,7.378,14.492,66,486,552,16.227,1.725,corporate citizenship:118; sustainable:104; impact:51; engage:50; continue to:38; stakeholder:32; ethics:30; commitment:26; inclusion:24; biodiversity:23,22.1
EG__main_163.txt,EG,Everest Group,main,163,23848,0,667,27.969,667.0,27.969,85,6,107,151,403,0.252,4.487,6.332,16.899,29,332,361,15.138,1.848,corporate citizenship:127; sustainable:57; ethics:39; engage:32; impact:30; inclusion:26; ESG:25; stakeholder:22; framework:16; committed to:14,21.9
MLM__main_254.txt,MLM,Martin Marietta Materials,main,254,37949,0,1061,27.959,1061.0,27.959,108,71,238,190,562,1.871,6.272,5.007,14.809,109,596,705,18.578,1.505,sustainable:246; continue to:61; stewardship:54; ethics:53; engage:43; wellbeing:42; significantly:42; commitment:41; world-class:34; impact:32,21.7
PCG__main_299.txt,PCG,PG&E Corporation,main,299,44207,0,1235,27.937,1235.0,27.937,117,34,278,378,545,0.769,6.289,8.551,12.328,282,752,1034,23.39,1.194,sustainable:230; engage:79; enable:67; continue to:65; resilience:62; commitment:50; ethics:47; innovation:36; inclusion:33; materiality:30,21.5
D__main_132.txt,D,Dominion Energy,main,132,18069,0,502,27.782,502.0,27.782,84,18,97,152,235,0.996,5.368,8.412,13.006,50,275,325,17.987,1.545,sustainable:95; engage:44; corporate citizenship:40; innovation:25; net zero:20; stakeholder:16; ethics:16; continue to:15; just transition:12; commitment:11,21.3
ALGN__main_18.txt,ALGN,Align Technology,main,18,6034,0,167,27.676,167.0,27.676,54,1,60,41,65,0.166,9.944,6.795,10.772,4,34,38,6.298,4.395,ethics:14; sustainable:13; commitment:11; committed to:9; continue to:6; integrity:6; impact:6; wellbeing:5; engage:5; focused on:5,21.1
TAP__main_503.txt,TAP,Molson Coors Beverage Company,main,503,11430,0,316,27.647,316.0,27.647,76,36,82,80,118,3.15,7.174,6.999,10.324,25,154,179,15.661,1.765,sustainable:35; accountability:22; people-first:22; engage:21; commitment:13; impact:9; continue to:9; innovation:9; focused on:8; wellbeing:8,20.9
VRSK__data_398.txt,VRSK,Verisk Analytics,data,398,5059,0,139,27.476,139.0,27.476,40,2,26,52,59,0.395,5.139,10.279,11.662,0,66,66,13.046,2.106,resilience:20; impact:19; sustainable:17; stakeholder:9; materiality:7; significantly:6; continue to:5; framework:5; net zero:5; commitment:4,20.7
MSCI__data_482.txt,MSCI,,data,482,1968,1,54,27.439,54.0,27.439,26,0,10,20,24,0.0,5.081,10.163,12.195,0,20,20,10.163,2.7,engage:10; framework:5; integrity:5; ESG:4; corporate citizenship:3; inclusion:3; sustainable:2; transparency:2; intend to:2; committed to:2,20.5
LEN__main_475.txt,LEN,Lennar,main,475,6345,0,174,27.423,174.0,27.423,48,10,37,53,74,1.576,5.831,8.353,11.663,11,21,32,5.043,5.438,sustainable:24; inclusion:12; enable:11; focused on:10; innovation:8; impact:8; ethics:8; commitment:7; foster:6; engage:5,20.2
AFL__main_11.txt,AFL,Aflac,main,11,37623,0,1029,27.35,1029.0,27.35,116,51,231,271,476,1.356,6.14,7.203,12.652,171,535,706,18.765,1.458,sustainable:304; engage:60; commitment:53; continue to:49; ethics:37; impact:32; framework:28; human capital:28; enable:19; innovation:18,20.0
AAPL__main_37.txt,AAPL,Apple Inc.,main,37,45778,0,1247,27.24,1247.0,27.24,113,24,235,461,527,0.524,5.133,10.07,11.512,289,653,942,20.578,1.324,impact:207; engage:172; sustainable:75; innovation:63; carbon footprint:42; framework:40; enable:38; continue to:37; commitment:35; carbon neutral:30,19.8
RTX__main_310.txt,RTX,RTX Corporation,main,310,9317,0,253,27.155,253.0,27.155,65,36,48,80,89,3.864,5.152,8.586,9.552,37,101,138,14.812,1.833,transformative:27; sustainable:24; responsible sourcing:20; commitment:13; ethics:13; impact:13; engage:11; innovation:9; resilience:8; framework:8,19.6
TXT__main_373.txt,TXT,Textron,main,373,10834,0,294,27.137,294.0,27.137,65,10,67,67,150,0.923,6.184,6.184,13.845,37,209,246,22.706,1.195,corporate citizenship:41; ethics:29; sustainable:24; commitment:22; engage:15; wellbeing:14; innovation:11; enable:9; committed to:8; accountability:7,19.4
ABNB__data_14.txt,ABNB,Airbnb,data,14,4906,0,133,27.11,133.0,27.11,44,2,39,33,59,0.408,7.949,6.726,12.026,11,28,39,7.949,3.41,ethics:19; stakeholder:14; commitment:11; committed to:10; inclusion:8; sustainable:7; transparency:5; belonging:5; engage:4; ESG:3,19.2
FISV__data_179.txt,FISV,Fiserv,data,179,5018,0,136,27.102,136.0,27.102,43,0,36,40,60,0.0,7.174,7.971,11.957,11,64,75,14.946,1.813,sustainable:33; continue to:12; impact:10; stakeholder:8; engage:7; framework:7; seek to:4; sustainable X:4; as appropriate:4; resilience:4,19.0
CAH__main_442.txt,CAH,Cardinal Health,main,442,49027,0,1322,26.965,1322.0,26.965,108,20,211,338,753,0.408,4.304,6.894,15.359,72,426,498,10.158,2.655,ESG:217; ethics:189; sustainable:106; engage:70; significantly:46; impact:46; empower:38; innovation:33; wellbeing:31; create value:31,18.8
AEE__main_27.txt,AEE,Ameren,main,27,7978,0,215,26.949,215.0,26.949,47,3,36,52,124,0.376,4.512,6.518,15.543,51,156,207,25.946,1.039,impact:52; sustainable:44; resilience:14; stewardship:12; empower:10; commitment:10; engage:5; continue to:5; focused on:5; enable:4,18.6
PEP__data_297.txt,PEP,PepsiCo,data,297,2271,0,61,26.86,61.0,26.86,16,0,8,1,52,0.0,3.523,0.44,22.897,9,26,35,15.412,1.743,ESG:35; sustainable:8; decarbonisation:3; work towards:2; impact:2; focused on:1; exploring:1; strive to:1; carbon footprint:1; circular economy:1,18.4
CNC__data_80.txt,CNC,Centene Corporation,data,80,1342,1,36,26.826,36.0,26.826,19,1,8,18,9,0.745,5.961,13.413,6.706,0,12,12,8.942,3.0,engage:9; leverage:4; aligned with:3; corporate citizenship:3; committed to:2; sustainable:2; wellbeing:1; focused on:1; stakeholder:1; ethics:1,18.2
DG__main_130.txt,DG,Dollar General,main,130,10745,0,288,26.803,288.0,26.803,71,18,72,68,130,1.675,6.701,6.329,12.099,30,126,156,14.518,1.846,sustainable:70; engage:19; continue to:16; impact:11; ethics:10; commitment:10; committed to:9; optimise:8; wellbeing:8; significantly:8,18.0
EQT__main_156.txt,EQT,EQT Corporation,main,156,44740,0,1195,26.71,1195.0,26.71,112,25,209,394,567,0.559,4.671,8.806,12.673,256,707,963,21.524,1.241,engage:82; sustainable:77; impact:70; biodiversity:52; stakeholder:49; transparency:44; significantly:43; resilience:37; commitment:37; ethics:37,17.8
DVN__main_126.txt,DVN,Devon Energy,main,126,44974,0,1201,26.704,1201.0,26.704,110,29,274,373,525,0.645,6.092,8.294,11.673,77,631,708,15.742,1.696,sustainable:184; engage:82; stakeholder:73; ethics:65; impact:45; biodiversity:41; continue to:36; framework:36; transparency:36; integrity:35,17.6
LDOS__page_0.txt,LDOS,,page,0,1386,1,37,26.696,37.0,26.696,24,1,12,3,21,0.722,8.658,2.165,15.152,1,22,23,16.595,1.609,ESG:6; sustainable:3; impact:3; commitment:3; transparency:2; aspiration:2; net zero:1; focused on:1; continue to:1; purpose:1,17.4
COST__main_450.txt,COST,Costco,main,450,38186,0,1016,26.607,1016.0,26.607,96,29,282,146,559,0.759,7.385,3.823,14.639,78,184,262,6.861,3.878,sustainable:198; biodiversity:106; continue to:61; stewardship:59; impact:43; inclusion:33; engage:33; commitment:28; ethics:22; committed to:21,17.1
AEP__main_28.txt,AEP,American Electric Power,main,28,23447,0,622,26.528,622.0,26.528,92,21,234,229,138,0.896,9.98,9.767,5.886,161,198,359,15.311,1.733,commitment:95; resilience:55; impact:32; engage:31; enable:27; continue to:27; committed to:18; sustainable:17; accelerate:17; accountability:16,16.9
ZBH__main_432.txt,ZBH,Zimmer Biomet,main,432,17718,0,469,26.47,469.0,26.47,77,16,117,126,210,0.903,6.603,7.111,11.852,18,180,198,11.175,2.369,sustainable:77; ethics:46; engage:34; commitment:26; innovation:15; continue to:15; integrity:14; committed to:14; transparency:14; inclusion:12,16.7
VZ__main_399.txt,VZ,Verizon,main,399,12411,0,328,26.428,328.0,26.428,57,2,68,113,145,0.161,5.479,9.105,11.683,11,87,98,7.896,3.347,responsible sourcing:50; ethics:23; engage:20; framework:18; impact:16; transparency:14; resilience:14; significantly:12; committed to:9; stakeholder:9,16.5
RSG__data_317.txt,RSG,Republic Services,data,317,2536,0,67,26.42,67.0,26.42,19,0,14,6,47,0.0,5.521,2.366,18.533,2,74,76,29.968,0.882,sustainable:37; aligned with:6; consistent with:3; optimise:2; impact:2; innovation:2; science-based:2; intend to:2; plan to:1; climate action:1,16.3
SYY__data_356.txt,SYY,Sysco,data,356,1374,1,36,26.201,36.0,26.201,22,3,8,8,17,2.183,5.822,5.822,12.373,1,10,11,8.006,3.273,sustainable:11; exploring:2; innovation:2; enable:2; impact:2; ecosystem:1; aligned with:1; contribute to:1; helps to reduce:1; meaningful impact:1,16.1
BALL__data_52.txt,BALL,Ball Corporation,data,52,13133,0,343,26.117,343.0,26.117,63,7,103,55,178,0.533,7.843,4.188,13.554,40,376,416,31.676,0.825,sustainable:51; impact:23; significantly:21; aligned with:19; ethics:17; over time:16; continue to:14; engage:13; wellbeing:12; biodiversity:11,15.9
CMG__main_84.txt,CMG,Chipotle Mexican Grill,main,84,14235,0,371,26.063,371.0,26.063,50,1,118,110,142,0.07,8.289,7.727,9.975,14,214,228,16.017,1.627,sustainable:58; resilience:48; commitment:37; impact:32; significantly:24; engage:20; continue to:16; innovation:11; aligned with:11; integrity:11,15.7
NFLX__main_276.txt,NFLX,Netflix,main,276,16388,0,425,25.934,425.0,25.934,81,9,67,97,252,0.549,4.088,5.919,15.377,46,205,251,15.316,1.693,sustainable:69; ESG:41; carbon offsets:28; decarbonisation:22; impact:15; ethics:12; framework:12; inclusion:11; engage:11; continue to:11,15.5
NUE__page_0.txt,NUE,,page,0,348,1,9,25.862,9.0,25.862,5,1,0,1,7,2.874,0.0,2.874,20.115,0,5,5,14.368,1.8,sustainable:5; circular economy:1; a brighter future:1; enable:1; impact:1,15.3
VTRS__main_404.txt,VTRS,Viatris,main,404,53013,0,1326,25.013,1326.0,25.013,116,34,358,498,436,0.641,6.753,9.394,8.224,57,464,521,9.828,2.545,sustainable:152; engage:71; impact:58; commitment:53; innovation:52; continue to:50; enable:50; ethics:42; stakeholder:41; wellbeing:36,15.1
WY__data_421.txt,WY,Weyerhaeuser,data,421,2007,0,50,24.913,50.0,24.913,21,0,12,10,28,0.0,5.979,4.983,13.951,51,79,130,64.773,0.385,sustainable:12; significantly:5; ecosystem:4; committed to:3; aligned with:3; ESG:3; stewardship:2; carbon offsets:2; framework:2; alignment:2,14.9
GD__main_193.txt,GD,General Dynamics,main,193,17014,0,421,24.744,421.0,24.744,78,10,124,128,159,0.588,7.288,7.523,9.345,44,152,196,11.52,2.148,sustainable:59; ethics:34; engage:26; commitment:22; significantly:11; impact:10; inclusion:10; transparency:10; aligned with:10; enable:10,14.7
UPS__data_389.txt,UPS,United Parcel Service,data,389,17076,0,422,24.713,422.0,24.713,74,8,101,140,173,0.468,5.915,8.199,10.131,50,264,314,18.388,1.344,sustainable:73; engage:30; significantly:25; decarbonisation:22; stakeholder:19; impact:14; material topics:13; continue to:11; innovation:11; expect to:11,14.5
KO__main_101.txt,KO,Coca-Cola Company (The),main,101,1589,1,39,24.544,39.0,24.544,26,4,9,15,11,2.517,5.664,9.44,6.923,6,47,53,33.354,0.736,sustainable:5; significantly:4; innovation:4; transparency:2; commitment:2; ecosystem:2; impact:1; licence to operate:1; continue to:1; key takeaway:1,14.3
GPC__main_196.txt,GPC,Genuine Parts Company,main,196,16815,0,411,24.442,411.0,24.442,94,22,74,108,207,1.308,4.401,6.423,12.31,44,122,166,9.872,2.476,sustainable:69; impact:33; engage:22; wellbeing:19; ethics:16; aligned with:16; ESG:14; framework:12; stakeholder:10; continue to:10,14.0
HCA__main_201.txt,HCA,,main,201,19982,0,483,24.172,483.0,24.172,84,24,123,224,112,1.201,6.156,11.21,5.605,54,169,223,11.16,2.166,impact:39; commitment:38; engage:34; innovation:30; ethics:20; continue to:15; foster:14; enable:14; focused on:14; wellbeing:13,13.8
CNP__main_81.txt,CNP,CenterPoint Energy,main,81,28743,0,692,24.075,692.0,24.075,95,13,155,220,304,0.452,5.393,7.654,10.576,191,320,511,17.778,1.354,sustainable:63; ethics:63; engage:50; stakeholder:33; impact:33; biodiversity:29; innovation:24; continue to:24; energy transition:22; strive to:18,13.6
DTE__main_141.txt,DTE,DTE Energy,main,141,30936,0,739,23.888,739.0,23.888,88,13,186,113,427,0.42,6.012,3.653,13.803,128,549,677,21.884,1.092,sustainable:165; net zero:41; impact:39; commitment:31; ethics:22; engage:22; significantly:21; plan to:21; carbon offsets:20; stakeholder:20,13.4
NEE__main_278.txt,NEE,NextEra Energy,main,278,1790,1,42,23.464,42.0,23.464,24,2,15,16,9,1.117,8.38,8.939,5.028,10,37,47,26.257,0.894,continue to:6; stakeholder:4; innovation:3; commitment:3; stewardship:3; biodiversity:2; significantly:2; ecosystem:2; sustainable:2; alignment:1,13.2
WM__data_415.txt,WM,Waste Management,data,415,4799,0,112,23.338,112.0,23.338,20,1,15,8,88,0.208,3.126,1.667,18.337,103,247,350,72.932,0.32,sustainable:29; inclusion:24; impact:19; aligned with:7; integrity:4; ethics:4; best practice:4; social impact:4; continue to:3; transparency:2,13.0
FOXA__main_183.txt,FOXA,Fox Corporation (Class A),main,183,23182,0,531,22.906,531.0,22.906,83,33,142,134,222,1.424,6.125,5.78,9.576,48,107,155,6.686,3.426,sustainable:88; impact:44; commitment:38; engage:35; ethics:30; committed to:21; continue to:21; foster:15; empower:14; integrity:10,12.8
DHI__main_140.txt,DHI,D. R. Horton,main,140,41424,0,938,22.644,938.0,22.644,100,25,223,193,497,0.604,5.383,4.659,11.998,79,401,480,11.587,1.954,sustainable:216; purpose:94; impact:60; continue to:38; engage:35; innovation:34; significantly:27; commitment:23; stakeholder:22; inclusion:21,12.6
KMB__data_235.txt,KMB,Kimberly-Clark,data,235,18441,0,417,22.613,417.0,22.613,63,0,95,115,207,0.0,5.152,6.236,11.225,19,249,268,14.533,1.556,sustainable:101; impact:26; alignment:23; framework:18; biodiversity:17; significantly:16; engage:16; stakeholder:15; commitment:12; aligned with:11,12.4
EXR__main_170.txt,EXR,Extra Space Storage,main,170,5861,0,130,22.181,130.0,22.181,48,5,27,49,49,0.853,4.607,8.36,8.36,10,173,183,31.223,0.71,engage:17; sustainable:17; commitment:10; impact:7; ESG:6; innovation:5; stakeholder:5; committed to:5; robust:3; empower:3,12.2
ETR__main_154.txt,ETR,Entergy,main,154,21609,0,477,22.074,477.0,22.074,85,19,125,176,157,0.879,5.785,8.145,7.265,221,427,648,29.988,0.736,sustainable:45; stakeholder:35; engage:34; resilience:29; significantly:22; commitment:18; continue to:18; impact:15; corporate citizenship:14; stewardship:13,12.0
ORCL__data_490.txt,ORCL,Oracle Corporation,data,490,33759,0,732,21.683,732.0,21.683,81,5,160,291,276,0.148,4.739,8.62,8.176,5,402,407,12.056,1.799,engage:121; sustainable:88; impact:37; commitment:34; stakeholder:29; aligned with:28; net zero:23; framework:20; innovation:19; plan to:16,11.8
PLTR__data_289.txt,PLTR,Palantir Technologies,data,289,3853,0,82,21.282,82.0,21.282,31,2,35,5,40,0.519,9.084,1.298,10.382,12,124,136,35.297,0.603,continue to:14; sustainable:10; carbon offsets:8; commitment:6; impact:6; carbon footprint:4; carbon neutral:4; intend to:3; where possible:3; responsible sourcing:2,11.6
PCAR__main_493.txt,PCAR,Paccar,main,493,7624,0,161,21.118,161.0,21.118,46,12,37,40,72,1.574,4.853,5.247,9.444,41,97,138,18.101,1.167,engage:15; sustainable:15; commitment:13; integrity:9; science-based:8; ethics:7; ESG:7; impact:6; inclusion:6; committed to:5,11.4
MCD__data_260.txt,MCD,McDonald's,data,260,4643,0,98,21.107,98.0,21.107,31,1,32,10,55,0.215,6.892,2.154,11.846,1,62,63,13.569,1.556,sustainable:28; commitment:8; impact:6; continue to:6; inclusion:5; aim to:4; responsible sourcing:4; purpose:3; stewardship:3; aligned with:3,11.2
NEE__data_279.txt,NEE,NextEra Energy,data,279,4799,0,101,21.046,101.0,21.046,32,3,30,17,51,0.625,6.251,3.542,10.627,24,63,87,18.129,1.161,sustainable:18; impact:13; significantly:10; stewardship:8; aligned with:6; resilience:4; innovation:4; sustainable X:3; ESG:3; substantially:2,11.0
CME__data_99.txt,CME,CME Group,data,99,3871,0,81,20.925,81.0,20.925,34,0,17,34,30,0.0,4.392,8.783,7.75,3,15,18,4.65,4.5,resilience:10; sustainable:8; framework:5; impact:5; ethics:5; engage:4; significantly:4; integrity:4; best practice:3; robust:3,10.7
BEN__page_0.txt,BEN,Franklin Resources,page,0,623,1,13,20.867,13.0,20.867,7,0,1,1,11,0.0,1.605,1.605,17.657,0,1,1,1.605,13.0,sustainable:4; ESG:2; inclusion:2; stewardship:2; intend to:1; framework:1; integrity:1,10.5
AMZN__data_25.txt,AMZN,Amazon,data,25,336,1,7,20.833,7.0,20.833,7,1,2,1,3,2.976,5.952,2.976,8.929,7,11,18,53.571,0.389,inclusion:1; sustainable:1; biodiversity:1; contribute to:1; we are proud:1; foster:1; continue to:1,10.3
PHM__main_496.txt,PHM,PulteGroup,main,496,11949,0,248,20.755,248.0,20.755,63,15,103,52,78,1.255,8.62,4.352,6.528,58,128,186,15.566,1.333,sustainable:32; continue to:25; commitment:16; impact:15; committed to:13; ethics:11; innovation:9; significantly:8; doing the right thing:7; stakeholder:7,10.1
CVX__main_453.txt,CVX,Chevron Corporation,main,453,42306,0,872,20.612,872.0,20.612,84,5,230,389,248,0.118,5.437,9.195,5.862,210,701,911,21.534,0.957,resilience:92; enable:64; sustainable:42; framework:39; innovation:38; energy transition:37; continue to:34; net zero:32; stakeholder:31; impact:28,9.9
GILD__main_197.txt,GILD,Gilead Sciences,main,197,26940,0,554,20.564,554.0,20.564,96,28,112,221,193,1.039,4.157,8.203,7.164,40,204,244,9.057,2.27,sustainable:50; innovation:46; foster:40; impact:38; engage:23; significantly:20; continue to:18; inclusion:16; commitment:16; responsible sourcing:14,9.7
NKE__main_280.txt,NKE,"Nike, Inc.",main,280,16568,0,340,20.521,340.0,20.521,52,2,50,48,240,0.121,3.018,2.897,14.486,9,97,106,6.398,3.208,sustainable:122; impact:25; purpose:24; material topics:17; innovation:15; significantly:14; corporate citizenship:13; commitment:11; engage:9; inclusion:8,9.5
KLAC__data_472.txt,KLAC,KLA Corporation,data,472,18013,0,369,20.485,369.0,20.485,59,6,105,85,173,0.333,5.829,4.719,9.604,29,114,143,7.939,2.58,impact:53; engage:41; ESG:41; commitment:34; biodiversity:22; sustainable:15; plan to:13; aligned with:12; stakeholder:11; innovation:10,9.3
ADBE__data_8.txt,ADBE,Adobe Inc.,data,8,31416,0,631,20.085,631.0,20.085,82,4,178,229,220,0.127,5.666,7.289,7.003,30,192,222,7.066,2.842,engage:88; commitment:53; impact:49; sustainable:48; stakeholder:34; plan to:32; science-based:23; net zero:18; aligned with:15; continue to:14,9.1
DECK__main_123.txt,DECK,Deckers Brands,main,123,71947,0,1426,19.82,1426.0,19.82,122,62,364,299,701,0.862,5.059,4.156,9.743,126,629,755,10.494,1.889,sustainable:150; continue to:99; ethics:83; impact:71; engage:65; ESG:46; commitment:37; sustainable X:34; stakeholder:32; committed to:32,8.9
GRMN__data_185.txt,GRMN,Garmin,data,185,2140,0,42,19.626,42.0,19.626,24,1,9,12,20,0.467,4.206,5.607,9.346,2,14,16,7.477,2.625,sustainable:8; responsible sourcing:4; aligned with:3; engage:3; impact:3; best practice:2; innovation:2; stewardship:1; committed to:1; belonging:1,8.7
EME__main_152.txt,EME,Emcor,main,152,11465,0,225,19.625,225.0,19.625,62,10,66,41,108,0.872,5.757,3.576,9.42,48,164,212,18.491,1.061,sustainable:47; significantly:16; commitment:15; integrity:11; impact:9; ethics:8; transparency:8; enable:7; ESG:7; continue to:7,8.5
OXY__main_492.txt,OXY,Occidental Petroleum,main,492,32234,0,627,19.452,627.0,19.452,91,12,186,176,253,0.372,5.77,5.46,7.849,96,675,771,23.919,0.813,net zero:94; sustainable:55; expect to:33; significantly:29; continue to:29; innovation:28; decarbonisation:23; engage:22; stakeholder:19; impact:17,8.3
WYNN__main_429.txt,WYNN,Wynn Resorts,main,429,16921,0,328,19.384,328.0,19.384,65,10,80,85,153,0.591,4.728,5.023,9.042,61,207,268,15.838,1.224,ESG:58; commitment:30; engage:27; ethics:24; sustainable:23; aligned with:11; integrity:9; impact:9; pillar:8; continue to:8,8.1
BSX__data_68.txt,BSX,Boston Scientific,data,68,35332,0,683,19.331,683.0,19.331,72,10,196,188,289,0.283,5.547,5.321,8.18,53,252,305,8.632,2.239,impact:79; engage:69; significantly:43; science-based:32; commitment:29; sustainable:27; net zero:26; carbon neutral:22; framework:22; plan to:21,7.9
STLD__main_347.txt,STLD,Steel Dynamics,main,347,17297,0,333,19.252,333.0,19.252,61,7,97,91,138,0.405,5.608,5.261,7.978,5,318,323,18.674,1.031,sustainable:33; significantly:29; engage:25; biodiversity:16; ethics:16; decarbonisation:14; innovation:13; continue to:12; impact:10; expect to:9,7.6
GRMN__main_462.txt,GRMN,Garmin,main,462,3486,0,67,19.22,67.0,19.22,31,2,26,21,18,0.574,7.458,6.024,5.164,0,21,21,6.024,3.19,engage:8; committed to:7; responsible sourcing:5; impact:4; enable:4; in line with:3; significantly:3; sustainable:3; innovation:3; commitment:2,7.4
ADBE__main_7.txt,ADBE,Adobe Inc.,main,7,2854,0,52,18.22,52.0,18.22,23,0,9,14,29,0.0,3.153,4.905,10.161,27,78,105,36.79,0.495,ethics:6; transparency:5; integrity:5; significantly:4; engage:4; sustainable:3; inclusion:3; commitment:2; responsible sourcing:2; ongoing effort:2,7.2
MOS__data_480.txt,MOS,Mosaic Company (The),data,480,71715,0,1295,18.058,1295.0,18.058,88,4,320,405,566,0.056,4.462,5.647,7.892,297,540,837,11.671,1.547,impact:210; engage:167; sustainable:96; stakeholder:61; commitment:58; significantly:54; stewardship:51; contribute to:31; aligned with:30; innovation:28,7.0
ACGL__data_41.txt,ACGL,Arch Capital Group,data,41,8723,0,157,17.998,157.0,17.998,47,2,43,43,69,0.229,4.929,4.929,7.91,28,76,104,11.923,1.51,sustainable:47; impact:9; engage:8; continue to:7; framework:5; stakeholder:5; committed to:5; best practice:5; enable:5; significantly:5,6.8
PEG__data_494.txt,PEG,Public Service Enterprise Group,data,494,20246,0,364,17.979,364.0,17.979,58,0,116,144,104,0.0,5.73,7.113,5.137,20,96,116,5.73,3.138,engage:81; stakeholder:22; commitment:20; sustainable:19; impact:18; plan to:17; aligned with:16; continue to:14; clean energy future:10; consistent with:10,6.6
TDY__main_365.txt,TDY,Teledyne Technologies,main,365,7216,0,129,17.877,129.0,17.877,45,6,33,25,65,0.831,4.573,3.465,9.008,12,120,132,18.293,0.977,sustainable:14; inclusion:10; ethics:9; engage:8; carbon footprint:7; committed to:6; continue to:6; strive to:5; framework:5; impact:4,6.4
WEC__main_416.txt,WEC,WEC Energy Group,main,416,33825,0,601,17.768,601.0,17.768,93,11,212,185,193,0.325,6.268,5.469,5.706,153,386,539,15.935,1.115,engage:48; continue to:39; sustainable:36; ethics:32; stakeholder:31; impact:20; commitment:20; expect to:20; plan to:19; committed to:18,6.2
CINF__main_89.txt,CINF,Cincinnati Financial,main,89,8251,0,139,16.846,139.0,16.846,48,16,35,36,52,1.939,4.242,4.363,6.302,20,48,68,8.241,2.044,sustainable:17; engage:13; ethics:10; people-first:8; integrity:6; commitment:6; continue to:5; stakeholder:4; committed to:3; inclusion:3,6.0
XYZ__data_64.txt,XYZ,"Block, Inc.",data,64,21018,0,349,16.605,349.0,16.605,69,4,93,118,134,0.19,4.425,5.614,6.375,6,110,116,5.519,3.009,engage:57; sustainable:29; plan to:19; stakeholder:18; carbon offsets:16; commitment:14; impact:13; aligned with:13; science-based:11; net zero:11,5.8
MET__data_267.txt,MET,MetLife,data,267,2541,0,41,16.135,41.0,16.135,19,0,10,3,28,0.0,3.935,1.181,11.019,31,92,123,48.406,0.333,ethics:8; impact:5; sustainable:4; carbon neutral:4; commitment:3; as appropriate:2; carbon offsets:2; integrity:2; transparency:1; contribute to:1,5.6
DASH__main_136.txt,DASH,,main,136,316,1,5,15.823,5.0,15.823,5,0,2,1,2,0.0,6.329,3.165,6.329,0,4,4,12.658,1.25,net zero:1; sustainable:1; continue to:1; accelerate:1; committed to:1,5.4
TDY__data_366.txt,TDY,Teledyne Technologies,data,366,1952,1,30,15.369,30.0,15.369,16,0,12,6,12,0.0,6.148,3.074,6.148,9,80,89,45.594,0.337,continue to:5; aligned with:4; sustainable:4; sustainable X:2; carbon footprint:2; empower:2; enable:2; contribute to:1; positive impact:1; alignment:1,5.2
LNT__main_20.txt,LNT,Alliant Energy,main,20,17570,0,270,15.367,270.0,15.367,60,3,77,103,87,0.171,4.382,5.862,4.952,51,275,326,18.554,0.828,engage:27; continue to:16; commitment:14; sustainable:13; stakeholder:12; stewardship:12; biodiversity:10; alignment:10; enable:9; purpose:9,5.0
KMI__main_237.txt,KMI,Kinder Morgan,main,237,36151,0,553,15.297,553.0,15.297,84,5,212,143,193,0.138,5.864,3.956,5.339,126,496,622,17.206,0.889,sustainable:59; integrity:43; stakeholder:36; engage:27; significantly:23; committed to:20; commitment:19; biodiversity:19; continue to:19; impact:17,4.8
PSX__page_0.txt,PSX,,page,0,599,1,9,15.025,9.0,15.025,3,0,0,1,8,0.0,0.0,1.669,13.356,0,15,15,25.042,0.6,purpose:6; sustainable:2; engage:1,4.5
VLO__main_393.txt,VLO,Valero Energy,main,393,31822,0,478,15.021,478.0,15.021,87,15,134,170,159,0.471,4.211,5.342,4.997,263,479,742,23.317,0.644,sustainable:37; engage:36; ethics:32; commitment:22; stakeholder:22; significantly:15; innovation:13; continue to:13; biodiversity:12; foster:12,4.3
COF__main_449.txt,COF,Capital One,main,449,5980,0,88,14.716,88.0,14.716,31,1,32,23,32,0.167,5.351,3.846,5.351,5,112,117,19.565,0.752,impact:16; continue to:11; engage:7; as appropriate:6; framework:6; significantly:4; sustainable:4; over time:3; ethics:3; intend to:3,4.1
MDLZ__data_271.txt,MDLZ,Mondelez International,data,271,1368,1,20,14.62,20.0,14.62,9,0,5,3,12,0.0,3.655,2.193,8.772,0,112,112,81.871,0.179,sustainable:7; where possible:3; science-based:3; end-to-end:2; wellbeing:1; transparency:1; engage:1; consistent with:1; aim to:1,3.9
AVY__main_47.txt,AVY,Avery Dennison,main,47,106176,0,1434,13.506,1434.0,13.506,91,8,446,488,492,0.075,4.201,4.596,4.634,1679,2474,4153,39.114,0.345,impact:184; sustainable:159; significantly:137; engage:123; innovation:65; continue to:52; substantially:46; leverage:34; accelerate:33; stakeholder:33,3.7
LNT__data_21.txt,LNT,Alliant Energy,data,21,1192,1,16,13.423,16.0,13.423,9,0,4,2,10,0.0,3.356,1.678,8.389,11,20,31,26.007,0.516,sustainable:6; corporate citizenship:2; framework:2; consistent with:1; significantly:1; impact:1; plan to:1; aligned with:1; ESG:1,3.5
BAC__data_54.txt,BAC,Bank of America,data,54,6562,0,82,12.496,82.0,12.496,29,0,20,24,38,0.0,3.048,3.657,5.791,3,69,72,10.972,1.139,engage:13; sustainable:12; net zero:10; plan to:5; climate ambition:4; focused on:3; carbon offsets:3; continue to:3; carbon neutral:3; aspiration:2,3.3
TRV__data_379.txt,TRV,Travelers Companies (The),data,379,9273,0,112,12.078,112.0,12.078,40,3,34,26,49,0.324,3.667,2.804,5.284,21,85,106,11.431,1.057,sustainable:22; significantly:11; impact:10; engage:6; exploring:6; transparency:5; inclusion:4; continue to:4; enable:3; resilience:3,3.1
VRTX__data_402.txt,VRTX,Vertex Pharmaceuticals,data,402,505,1,6,11.881,6.0,11.881,4,0,1,0,5,0.0,1.98,0.0,9.901,10,28,38,75.248,0.158,corporate citizenship:3; ethics:1; aligned with:1; sustainable:1,2.9
WFC__data_418.txt,WFC,Wells Fargo,data,418,932,1,10,10.73,10.0,10.73,5,0,3,0,7,0.0,3.219,0.0,7.511,4,27,31,33.262,0.323,sustainable:4; carbon offsets:2; commitment:2; aspiration:1; purpose:1,2.7
META__data_265.txt,META,Meta Platforms,data,265,4120,0,44,10.68,44.0,10.68,19,1,8,6,29,0.243,1.942,1.456,7.039,9,298,307,74.515,0.143,sustainable:13; transparency:4; embed:4; aligned with:3; net zero:2; environmental footprint:2; impact:2; carbon offsets:2; commitment:2; science-based:1,2.5
ETR__data_155.txt,ETR,Entergy,data,155,1405,1,15,10.676,15.0,10.676,10,0,3,4,8,0.0,2.135,2.847,5.694,8,54,62,44.128,0.242,sustainable:3; stakeholder:3; transparency:2; over time:1; aim to:1; impact:1; stewardship:1; community investment:1; commitment:1; engage:1,2.3
WMB__data_425.txt,WMB,Williams Companies,data,425,5605,0,58,10.348,58.0,10.348,14,0,20,0,38,0.0,3.568,0.0,6.78,77,120,197,35.147,0.294,sustainable:17; intend to:10; integrity:6; ethics:5; biodiversity:4; ESG:4; broadly:2; aligned with:2; significantly:2; inclusion:2,2.1
WY__data_422.txt,WY,Weyerhaeuser,data,422,13554,0,140,10.329,140.0,10.329,52,11,39,29,61,0.812,2.877,2.14,4.501,54,163,217,16.01,0.645,impact:22; significantly:11; enable:8; net zero:8; over time:8; sustainable:7; science-based:7; ecosystem:5; engage:4; in line with:4,1.9
ITW__data_214.txt,ITW,Illinois Tool Works,data,214,522,1,5,9.579,5.0,9.579,3,0,1,0,4,0.0,1.916,0.0,7.663,13,22,35,67.05,0.143,sustainable:2; impact:2; significantly:1,1.7
SNA__main_339.txt,SNA,Snap-on,main,339,629,1,6,9.539,6.0,9.539,5,0,2,0,4,0.0,3.18,0.0,6.359,3,11,14,22.258,0.429,sustainable:2; impact:1; seek to:1; commitment:1; integrity:1,1.4
EW__data_150.txt,EW,Edwards Lifesciences,data,150,1857,1,17,9.155,17.0,9.155,11,0,0,4,13,0.0,0.0,2.154,7.001,5,63,68,36.618,0.25,impact:3; ESG:2; sustainable:2; carbon offsets:2; ethics:2; innovation:1; responsible sourcing:1; value-add:1; engage:1; accountability:1,1.2
BRO__main_441.txt,BRO,,main,441,50352,0,408,8.103,408.0,8.103,60,8,179,83,138,0.159,3.555,1.648,2.741,800,1045,1845,36.642,0.221,significantly:70; impact:58; continue to:22; inclusion:20; substantially:20; engage:14; ESG:14; commitment:12; accelerate:12; expect to:11,1.0
CINF__data_90.txt,CINF,Cincinnati Financial,data,90,5290,0,42,7.94,42.0,7.94,21,1,25,4,12,0.189,4.726,0.756,2.268,22,53,75,14.178,0.56,continue to:11; seek to:4; sustainable:3; impact:3; ESG:2; significantly:2; helps to reduce:2; transparency:2; over time:1; contribute to:1,0.8
REGN__data_314.txt,REGN,Regeneron Pharmaceuticals,data,314,612,1,4,6.536,4.0,6.536,3,0,1,3,0,0.0,1.634,4.902,0.0,22,74,96,156.863,0.042,engage:2; innovation:1; continue to:1,0.6
EXE__data_167.txt,EXE,Expand Energy,data,167,627,1,4,6.38,4.0,6.38,3,0,1,0,3,0.0,1.595,0.0,4.785,5,12,17,27.113,0.235,inclusion:2; aligned with:1; sustainable:1,0.4
NSC__page_0.txt,NSC,,page,0,159,1,1,6.289,1.0,6.289,1,1,0,0,0,6.289,0.0,0.0,0.0,0,2,2,12.579,0.5,a brighter future:1,0.2
EQT__data_157.txt,EQT,EQT Corporation,data,157,2588,0,10,3.864,10.0,3.864,6,0,2,1,7,0.0,0.773,0.386,2.705,16,103,119,45.981,0.084,sustainable:4; biodiversity:2; aligned with:1; alignment:1; plan to:1; purpose:1,0.0
